/*
SQLyog Community v13.1.6 (64 bit)
MySQL - 10.1.37-MariaDB : Database - db_simrs_v2
*********************************************************************
*/

/*!40101 SET NAMES utf8 */;

/*!40101 SET SQL_MODE=''*/;

/*!40014 SET @OLD_UNIQUE_CHECKS=@@UNIQUE_CHECKS, UNIQUE_CHECKS=0 */;
/*!40014 SET @OLD_FOREIGN_KEY_CHECKS=@@FOREIGN_KEY_CHECKS, FOREIGN_KEY_CHECKS=0 */;
/*!40101 SET @OLD_SQL_MODE=@@SQL_MODE, SQL_MODE='NO_AUTO_VALUE_ON_ZERO' */;
/*!40111 SET @OLD_SQL_NOTES=@@SQL_NOTES, SQL_NOTES=0 */;
/*Table structure for table `tbl01_acc_hakakses` */

DROP TABLE IF EXISTS `tbl01_acc_hakakses`;

CREATE TABLE `tbl01_acc_hakakses` (
  `idx` int(11) NOT NULL AUTO_INCREMENT,
  `idlevel` int(11) DEFAULT NULL,
  `idmodul` int(11) DEFAULT NULL,
  `idmenu` int(11) DEFAULT NULL,
  `hak_aksi` varchar(50) DEFAULT NULL,
  PRIMARY KEY (`idx`)
) ENGINE=MyISAM AUTO_INCREMENT=364 DEFAULT CHARSET=latin1;

/*Data for the table `tbl01_acc_hakakses` */

insert  into `tbl01_acc_hakakses`(`idx`,`idlevel`,`idmodul`,`idmenu`,`hak_aksi`) values 
(1,3,3,43,'0'),
(2,3,3,44,'0'),
(3,3,3,45,'7,8,9,10,11,12,13'),
(4,3,3,46,'7,8,9,10,11,12,13,7,8,9,10,12,13,14,15'),
(5,3,3,47,'7,8,9,10,11,12,13,7,8,9,10,12,13,14,15,7,13,16,17'),
(6,3,3,48,'7,8,9,10,11,12,13,7,8,9,10,12,13,14,15,7,13,16,17,'),
(7,3,3,49,'0'),
(8,3,3,50,'0'),
(9,3,3,51,'0'),
(10,3,3,52,'0'),
(11,3,3,54,'0'),
(12,3,3,55,'0'),
(13,4,3,43,'0'),
(14,4,3,44,'0'),
(15,4,3,45,'7,8,9,10,12,13'),
(16,4,3,46,'7,8,9,10,12,13,15'),
(17,4,3,47,'7,13,16'),
(18,4,3,48,'7,8,9,10,12,13'),
(19,4,3,49,'0'),
(20,4,3,50,'0'),
(21,4,3,51,'0'),
(22,4,3,52,'0'),
(23,4,3,53,'0'),
(24,4,3,54,'0'),
(25,4,3,55,'0'),
(26,5,4,56,'0'),
(27,5,4,57,'0'),
(28,5,4,58,'0'),
(29,5,4,59,'1,2,3'),
(30,5,4,60,'1,2,3,1,2,3'),
(31,5,4,61,'1,2,3,1,2,3,1,2,3'),
(32,5,4,62,'0'),
(33,5,4,63,'0'),
(34,5,4,64,'1,2,3,1,2,3,1,2,3,1,2,3'),
(35,5,4,65,'1,2,3,1,2,3,1,2,3,1,2,3,1,2,3'),
(36,5,4,66,'1,2,3,1,2,3,1,2,3,1,2,3,1,2,3,1,2,3'),
(37,5,4,67,'0'),
(38,5,4,68,'0'),
(39,5,4,69,'1,2,3,1,2,3,1,2,3,1,2,3,1,2,3,1,2,3,1,3'),
(40,5,4,70,'0'),
(41,5,4,71,'1,2,3,1,2,3,1,2,3,1,2,3,1,2,3,1,2,3,1,3,1,3'),
(42,5,4,72,'0'),
(43,5,4,73,'0'),
(44,5,4,74,'1,2,3,1,2,3,1,2,3,1,2,3,1,2,3,1,2,3,1,3,1,3,1'),
(45,5,4,75,'1,2,3,1,2,3,1,2,3,1,2,3,1,2,3,1,2,3,1,3,1,3,1,1'),
(46,5,4,76,'1,2,3,1,2,3,1,2,3,1,2,3,1,2,3,1,2,3,1,3,1,3,1,1,1'),
(47,5,4,77,'1,2,3,1,2,3,1,2,3,1,2,3,1,2,3,1,2,3,1,3,1,3,1,1,1,'),
(48,5,4,78,'0'),
(49,5,4,79,'1,2,3,1,2,3,1,2,3,1,2,3,1,2,3,1,2,3,1,3,1,3,1,1,1,'),
(50,5,4,80,'1,2,3,1,2,3,1,2,3,1,2,3,1,2,3,1,2,3,1,3,1,3,1,1,1,'),
(51,5,4,81,'1,2,3,1,2,3,1,2,3,1,2,3,1,2,3,1,2,3,1,3,1,3,1,1,1,'),
(52,5,4,82,'1,2,3,1,2,3,1,2,3,1,2,3,1,2,3,1,2,3,1,3,1,3,1,1,1,'),
(53,5,4,83,'0'),
(54,5,4,84,'0'),
(55,5,4,85,'0'),
(56,5,4,86,'0'),
(57,5,4,87,'0'),
(58,5,4,88,'0'),
(59,5,4,89,'0'),
(60,5,4,90,'0'),
(61,5,4,91,'0'),
(62,5,4,92,'0'),
(63,5,4,93,'0'),
(64,5,4,94,'0'),
(65,5,4,95,'0'),
(66,5,4,96,'0'),
(67,5,4,97,'0'),
(68,5,4,99,'0'),
(69,5,4,100,'0'),
(70,5,4,101,'0'),
(71,5,4,109,'0'),
(72,6,4,56,'0'),
(73,6,4,57,'0'),
(74,6,4,58,'0'),
(75,6,4,59,'1,2,3'),
(76,6,4,60,'1,2,3,1,2,3'),
(77,6,4,61,'1,2,3,1,2,3,1,2,3'),
(78,6,4,62,'0'),
(79,6,4,63,'0'),
(80,6,4,64,'1,2,3,1,2,3,1,2,3,1,2,3'),
(81,6,4,65,'1,2,3,1,2,3,1,2,3,1,2,3,1,2,3'),
(82,6,4,66,'1,2,3,1,2,3,1,2,3,1,2,3,1,2,3,1,2,3'),
(174,1,1,2,'0'),
(84,6,4,68,'0'),
(85,6,4,69,'1,2,3,1,2,3,1,2,3,1,2,3,1,2,3,1,2,3,1,3'),
(86,6,4,70,'0'),
(87,6,4,71,'1,2,3,1,2,3,1,2,3,1,2,3,1,2,3,1,2,3,1,3,1,3'),
(88,6,4,72,'0'),
(89,6,4,73,'0'),
(90,6,4,74,'1,2,3,1,2,3,1,2,3,1,2,3,1,2,3,1,2,3,1,3,1,3,1'),
(91,6,4,75,'1,2,3,1,2,3,1,2,3,1,2,3,1,2,3,1,2,3,1,3,1,3,1,1'),
(92,6,4,76,'1,2,3,1,2,3,1,2,3,1,2,3,1,2,3,1,2,3,1,3,1,3,1,1,1'),
(93,6,4,77,'1,2,3,1,2,3,1,2,3,1,2,3,1,2,3,1,2,3,1,3,1,3,1,1,1,'),
(94,6,4,78,'0'),
(95,6,4,81,'1,2,3,1,2,3,1,2,3,1,2,3,1,2,3,1,2,3,1,3,1,3,1,1,1,'),
(96,6,4,82,'1,2,3,1,2,3,1,2,3,1,2,3,1,2,3,1,2,3,1,3,1,3,1,1,1,'),
(97,6,4,83,'0'),
(98,6,4,84,'0'),
(99,6,4,85,'0'),
(100,6,4,86,'0'),
(101,6,4,87,'0'),
(102,6,4,88,'0'),
(103,6,4,89,'0'),
(104,6,4,90,'0'),
(105,6,4,91,'0'),
(106,6,4,92,'0'),
(107,6,4,93,'0'),
(108,6,4,94,'0'),
(109,6,4,95,'0'),
(110,6,4,96,'0'),
(111,6,4,97,'0'),
(112,6,4,98,'0'),
(113,6,4,99,'0'),
(114,6,4,100,'0'),
(115,6,4,101,'0'),
(116,6,4,109,'0'),
(117,7,4,56,'0'),
(173,1,1,1,'0'),
(120,7,4,73,'0'),
(121,7,4,76,'1,1,1'),
(122,7,4,77,'1,1,1,1'),
(123,7,4,83,'0'),
(124,7,4,84,'0'),
(125,7,4,85,'0'),
(126,7,4,86,'0'),
(127,7,4,87,'0'),
(128,7,4,88,'0'),
(129,7,4,89,'0'),
(130,7,4,90,'0'),
(131,7,4,91,'0'),
(132,7,4,92,'0'),
(133,7,4,93,'0'),
(134,7,4,94,'0'),
(135,7,4,95,'0'),
(136,7,4,96,'0'),
(137,7,4,97,'0'),
(138,7,4,98,'0'),
(139,7,4,99,'0'),
(140,7,4,100,'0'),
(141,7,4,101,'0'),
(142,7,4,109,'0'),
(143,8,4,56,'0'),
(172,5,4,98,'0'),
(146,8,4,73,'0'),
(147,8,4,74,'1'),
(148,8,4,75,'1,1'),
(149,8,4,78,'0'),
(150,8,4,79,'1,1,1'),
(151,8,4,80,'1,1,1,1'),
(152,8,4,83,'0'),
(153,8,4,84,'0'),
(154,8,4,85,'0'),
(155,8,4,86,'0'),
(156,8,4,87,'0'),
(157,8,4,88,'0'),
(158,8,4,89,'0'),
(159,8,4,90,'0'),
(160,8,4,91,'0'),
(161,8,4,92,'0'),
(162,8,4,93,'0'),
(163,8,4,94,'0'),
(164,8,4,95,'0'),
(165,8,4,96,'0'),
(166,8,4,97,'0'),
(167,8,4,98,'0'),
(168,8,4,99,'0'),
(169,8,4,100,'0'),
(170,8,4,101,'0'),
(171,8,4,109,'0'),
(175,1,1,3,'1,2,3'),
(176,1,1,4,'1,2,3,1,2,3'),
(177,1,1,5,'1,2,3,1,2,3,1,2,3'),
(178,1,1,6,'1,2,3,1,2,3,1,2,3,1,2,3'),
(179,1,1,7,'1,2,3,1,2,3,1,2,3,1,2,3,1,2,3'),
(180,1,1,8,'1,2,3,1,2,3,1,2,3,1,2,3,1,2,3,1,2,3'),
(181,1,1,9,'1,2,3,1,2,3,1,2,3,1,2,3,1,2,3,1,2,3,1,2,3'),
(182,1,1,10,'1,2,3,1,2,3,1,2,3,1,2,3,1,2,3,1,2,3,1,2,3,1,2,3'),
(183,1,1,11,'1,2,3,1,2,3,1,2,3,1,2,3,1,2,3,1,2,3,1,2,3,1,2,3,1,'),
(184,1,1,12,'1,2,3,1,2,3,1,2,3,1,2,3,1,2,3,1,2,3,1,2,3,1,2,3,1,'),
(185,1,1,13,'1,2,3,1,2,3,1,2,3,1,2,3,1,2,3,1,2,3,1,2,3,1,2,3,1,'),
(186,1,1,14,'1,2,3,1,2,3,1,2,3,1,2,3,1,2,3,1,2,3,1,2,3,1,2,3,1,'),
(187,1,1,15,'1,2,3,1,2,3,1,2,3,1,2,3,1,2,3,1,2,3,1,2,3,1,2,3,1,'),
(188,1,1,16,'1,2,3,1,2,3,1,2,3,1,2,3,1,2,3,1,2,3,1,2,3,1,2,3,1,'),
(189,1,1,17,'1,2,3,1,2,3,1,2,3,1,2,3,1,2,3,1,2,3,1,2,3,1,2,3,1,'),
(190,1,1,18,'1,2,3,1,2,3,1,2,3,1,2,3,1,2,3,1,2,3,1,2,3,1,2,3,1,'),
(191,1,1,19,'1,2,3,1,2,3,1,2,3,1,2,3,1,2,3,1,2,3,1,2,3,1,2,3,1,'),
(192,1,1,20,'1,2,3,1,2,3,1,2,3,1,2,3,1,2,3,1,2,3,1,2,3,1,2,3,1,'),
(193,1,1,21,'1,2,3,1,2,3,1,2,3,1,2,3,1,2,3,1,2,3,1,2,3,1,2,3,1,'),
(194,1,1,22,'1,2,3,1,2,3,1,2,3,1,2,3,1,2,3,1,2,3,1,2,3,1,2,3,1,'),
(195,1,1,23,'1,2,3,1,2,3,1,2,3,1,2,3,1,2,3,1,2,3,1,2,3,1,2,3,1,'),
(196,1,1,24,'0'),
(197,1,1,25,'1,2,3,1,2,3,1,2,3,1,2,3,1,2,3,1,2,3,1,2,3,1,2,3,1,'),
(198,1,1,26,'1,2,3,1,2,3,1,2,3,1,2,3,1,2,3,1,2,3,1,2,3,1,2,3,1,'),
(199,1,1,27,'1,2,3,1,2,3,1,2,3,1,2,3,1,2,3,1,2,3,1,2,3,1,2,3,1,'),
(200,1,1,28,'1,2,3,1,2,3,1,2,3,1,2,3,1,2,3,1,2,3,1,2,3,1,2,3,1,'),
(201,2,2,29,'0'),
(202,2,2,30,'1,2,3'),
(203,2,2,31,'1,2,3'),
(204,2,2,32,'0'),
(205,2,2,33,'0'),
(206,2,2,34,'0'),
(207,2,2,35,'0'),
(208,2,2,36,'0'),
(209,2,2,37,'0'),
(210,2,2,38,'0'),
(211,2,2,39,'0'),
(212,2,2,40,'0'),
(213,2,2,41,'0'),
(214,2,2,42,'0'),
(215,2,2,110,'0'),
(216,9,6,102,'0'),
(217,9,6,103,'0'),
(218,9,6,104,'0'),
(219,9,6,105,'0'),
(220,9,6,106,'0'),
(221,9,6,107,'0'),
(222,9,6,108,'0'),
(223,10,6,102,'0'),
(224,10,6,103,'0'),
(225,10,6,104,'0'),
(226,10,6,105,'0'),
(227,10,6,106,'0'),
(228,10,6,107,'0'),
(229,10,6,108,'0'),
(230,11,6,111,'0'),
(231,11,6,112,'0'),
(232,11,6,113,'0'),
(233,11,6,114,'0'),
(234,11,6,115,'0'),
(235,11,6,116,'0'),
(236,11,6,117,'0'),
(237,11,6,118,'0'),
(238,11,6,119,'0'),
(239,11,6,120,'0'),
(240,11,6,121,'0'),
(241,11,6,122,'0'),
(242,11,6,123,'0'),
(243,11,6,124,'0'),
(244,11,6,125,'0'),
(245,11,6,126,'0'),
(246,11,6,127,'0'),
(247,11,6,128,'0'),
(248,11,6,129,'0'),
(249,11,6,130,'0'),
(250,11,6,131,'0'),
(251,11,6,132,'0'),
(252,11,6,133,'0'),
(253,11,6,134,'0'),
(254,11,6,135,'0'),
(255,11,6,136,'0'),
(256,11,6,137,'0'),
(257,11,6,138,'0'),
(258,11,6,139,'0'),
(259,11,6,140,'0'),
(260,11,6,141,'0'),
(261,11,6,142,'0'),
(262,11,6,143,'0'),
(263,11,6,144,'0'),
(264,11,6,145,'0'),
(265,11,6,146,'0'),
(266,11,6,147,'0'),
(267,11,6,148,'0'),
(268,11,6,149,'0'),
(269,11,6,150,'0'),
(270,11,6,151,'0'),
(271,11,6,152,'0'),
(272,11,6,153,'0'),
(273,11,6,154,'0'),
(274,11,6,155,'0'),
(275,11,6,156,'0'),
(276,11,6,157,'0'),
(277,11,6,158,'0'),
(278,11,6,159,'0'),
(279,11,6,160,'0'),
(280,12,6,111,'0'),
(288,12,6,119,'0'),
(289,12,6,120,'0'),
(290,12,6,121,'0'),
(325,12,6,156,'0'),
(326,12,6,157,'0'),
(327,12,6,158,'0'),
(328,12,6,159,'0'),
(329,12,6,160,'0'),
(330,9,5,102,'0'),
(331,9,5,103,'0'),
(332,9,5,104,'0'),
(333,9,5,105,'0'),
(334,9,5,106,'0'),
(335,9,5,107,'0'),
(336,9,5,108,'0'),
(337,10,5,102,'0'),
(338,10,5,103,'0'),
(339,10,5,104,'0'),
(340,10,5,105,'0'),
(341,10,5,106,'0'),
(342,10,5,107,'0'),
(343,10,5,108,'0'),
(344,11,6,166,'0'),
(345,5,4,167,'0'),
(346,8,4,167,'0'),
(347,2,2,168,'0'),
(348,8,4,67,'0'),
(349,7,4,67,'0'),
(350,6,4,67,'0'),
(351,7,4,74,'1'),
(352,7,4,75,'1,1'),
(353,1,1,169,'0'),
(354,2,2,170,'0'),
(355,2,2,171,'0'),
(356,2,2,172,'0'),
(357,2,2,173,'0'),
(358,2,2,174,'0'),
(359,2,2,175,'0'),
(360,2,2,176,'0'),
(361,2,2,177,'0'),
(362,2,2,178,'0'),
(363,2,2,179,'0');

/*Table structure for table `tbl01_acc_level` */

DROP TABLE IF EXISTS `tbl01_acc_level`;

CREATE TABLE `tbl01_acc_level` (
  `idx` int(11) NOT NULL AUTO_INCREMENT,
  `id_modul` int(11) DEFAULT NULL,
  `level` varchar(50) DEFAULT NULL,
  `status` tinyint(1) DEFAULT NULL,
  PRIMARY KEY (`idx`)
) ENGINE=MyISAM AUTO_INCREMENT=15 DEFAULT CHARSET=latin1;

/*Data for the table `tbl01_acc_level` */

insert  into `tbl01_acc_level`(`idx`,`id_modul`,`level`,`status`) values 
(1,1,'Administrator',1),
(3,3,'Dokter',1),
(4,3,'Perawat',1),
(5,4,'Admin Farmasi',1),
(6,4,'Petugas Gudang Obat',1),
(7,4,'Petugas Gudang BHP',1),
(8,4,'Petugas Depo',1),
(9,5,'Petugas Kasir',1),
(10,5,'Petugas Unit Klaim',1),
(11,6,'Admin Rekam Medik',0),
(12,6,'Runner',1),
(2,2,'Petugas Pendaftaran',1);

/*Table structure for table `tbl01_acc_level_user` */

DROP TABLE IF EXISTS `tbl01_acc_level_user`;

CREATE TABLE `tbl01_acc_level_user` (
  `int` int(11) NOT NULL AUTO_INCREMENT,
  `nrp_user` char(10) NOT NULL,
  `modulid` int(11) NOT NULL,
  `levelid` int(11) NOT NULL,
  PRIMARY KEY (`int`)
) ENGINE=InnoDB AUTO_INCREMENT=65 DEFAULT CHARSET=latin1;

/*Data for the table `tbl01_acc_level_user` */

insert  into `tbl01_acc_level_user`(`int`,`nrp_user`,`modulid`,`levelid`) values 
(1,'NRP1910460',1,1),
(2,'NRP1910460',2,2),
(3,'NRP1910460',3,3),
(4,'NRP1910460',4,5),
(5,'NRP1910460',5,9),
(6,'NRP1910460',6,11),
(7,'NRP1910461',1,1),
(8,'NRP1910461',2,2),
(9,'NRP1910461',3,4),
(10,'NRP1910461',4,6),
(11,'NRP1910461',5,9),
(12,'NRP1910461',6,11),
(13,'NRP1910019',1,1),
(14,'NRP1910019',2,2),
(15,'NRP1910019',3,4),
(16,'NRP1910019',4,5),
(17,'NRP1910019',5,9),
(18,'NRP1910019',6,11),
(19,'NRP1910001',1,1),
(35,'NRP1910020',2,2),
(36,'NRP1910021',2,2),
(37,'NRP1910022',2,2),
(38,'NRP1910309',2,2),
(39,'NRP1910024',2,2),
(40,'NRP1910293',2,2),
(41,'NRP1910298',2,2),
(42,'NRP1910294',2,2),
(43,'NRP1910320',2,2),
(44,'NRP1910295',2,2),
(45,'NRP1910296',2,2),
(46,'NRP1910297',2,2),
(47,'NRP1910451',2,2),
(48,'NRP1910450',2,2),
(49,'NRP1910300',2,2),
(50,'NRP1910001',2,11),
(51,'NRP1910461',2,11),
(52,'NRP1910155',2,2),
(53,'NRP2103004',1,1),
(54,'NRP2103004',2,2),
(55,'NRP2103004',2,11),
(56,'NRP2103005',1,1),
(57,'NRP2103005',2,2),
(58,'NRP2103005',2,11),
(59,'NRP2103003',1,1),
(60,'NRP2103003',2,2),
(61,'NRP2103003',2,11),
(62,'NRP1910128',1,1),
(63,'NRP1910073',1,1),
(64,'NRP2111001',2,2);

/*Table structure for table `tbl01_acc_menu` */

DROP TABLE IF EXISTS `tbl01_acc_menu`;

CREATE TABLE `tbl01_acc_menu` (
  `idx` int(11) NOT NULL AUTO_INCREMENT,
  `id_modul` int(11) DEFAULT NULL,
  `nama_modul` varchar(50) DEFAULT NULL,
  `judul_menu` varchar(50) DEFAULT NULL,
  `kode` varchar(20) DEFAULT NULL,
  `file_index` varchar(50) DEFAULT NULL,
  `file_kontrol` varchar(50) DEFAULT NULL,
  `aksi` varchar(50) DEFAULT NULL,
  `icon` varchar(50) DEFAULT NULL,
  `status` tinyint(1) DEFAULT NULL,
  PRIMARY KEY (`idx`)
) ENGINE=MyISAM AUTO_INCREMENT=180 DEFAULT CHARSET=latin1;

/*Data for the table `tbl01_acc_menu` */

insert  into `tbl01_acc_menu`(`idx`,`id_modul`,`nama_modul`,`judul_menu`,`kode`,`file_index`,`file_kontrol`,`aksi`,`icon`,`status`) values 
(1,1,'Administrator','Home','1.0','administrator.php','dashboard','0','fa-home',1),
(2,1,'Administrator','Master Data','2.0','administrator.php','#','0','fa-list',1),
(3,1,'Administrator','Suku','2.1','administrator.php','suku','1,2,3','fa-circle-o text-red',1),
(4,1,'Administrator','Bahasa','2.2','administrator.php','bahasa','1,2,3','fa-circle-o text-red',1),
(5,1,'Administrator','Cara Bayar','2.3','administrator.php','cara_bayar','1,2,3','fa-circle-o text-red',1),
(6,1,'Administrator','Kelas Layanan','2.4','administrator.php','kelas_layanan','1,2,3','fa-circle-o text-red',1),
(7,1,'Administrator','Tindakan Layanan','2.5','administrator.php','jenis_pelayanan','1,2,3','fa-circle-o text-red',1),
(8,1,'Administrator','Group Layanan','2.6','administrator.php','group_layanan','1,2,3','fa-circle-o text-red',1),
(9,1,'Administrator','Ruang Pelayanan','2.7','administrator.php','ruang_pelayanan','1,2,3','fa-circle-o text-red',1),
(10,1,'Administrator','Keadaan Keluar','2.8','administrator.php','keadaan_keluar','1,2,3','fa-circle-o text-red',1),
(11,1,'Administrator','Cara Keluar','2.9','administrator.php','cara_keluar','1,2,3','fa-circle-o text-red',1),
(12,1,'Administrator','Profesi','2.10','administrator.php','profesi','1,2,3','fa-circle-o text-red',1),
(13,1,'Administrator','Pegawai','2.11','administrator.php','pegawai','1,2,3','fa-circle-o text-red',1),
(14,1,'Administrator','App Users','2.12','administrator.php','app_users','1,2,3','fa-circle-o text-red',1),
(15,1,'Administrator','Layanan','2.13','administrator.php','layanan','1,2,3','fa-circle-o text-red',1),
(16,1,'Administrator','Master Tarif','3.0','administrator.php','#','1,2,3','fa-list',1),
(17,1,'Administrator','Kategori Tarif','3.1','administrator.php','kategori_tarif','1,2,3','fa-circle-o text-red',1),
(18,1,'Administrator','Tarif Layanan','3.2','administrator.php','tarif_layanan','1,2,3','fa-circle-o text-red',1),
(19,1,'Administrator','Tarif Ruangan','3.3','administrator.php','mapping_tarif','1,2,3','fa-circle-o text-red',1),
(20,1,'Administrator','Master Data Farmasi','4.0','administrator.php','#','1,2,3','fa-list',1),
(21,1,'Administrator','Group Lokasi','4.1','administrator.php','group_lokasi','1,2,3','fa-circle-o text-red',1),
(22,1,'Administrator','Lokasi Obat','4.2','administrator.php','lokasi','1,2,3','fa-circle-o text-red',1),
(23,1,'Administrator','Kelompok DTD KIP/10','5.0','administrator.php','dtd','1,2,3','fa-list',1),
(24,1,'Administrator','Pengaturan','6.0','administrator.php','#','0','fa-list',1),
(25,1,'Administrator','Level','6.1','administrator.php','level','1,2,3','fa-circle-o text-red',1),
(26,1,'Administrator','Aksi','6.2','administrator.php','aksi','1,2,3','fa-circle-o text-red',1),
(27,1,'Administrator','Modul','6.3','administrator.php','modul','1,2,3','fa-circle-o text-red',1),
(28,1,'Administrator','Menu','6.4','administrator.php','menu','1,2,3','fa-circle-o text-red',1),
(29,2,'Rekam Medik','Data Wilayah','2.0','mr_registrasi.php','#','0','fa-list',1),
(30,2,'Rekam Medik','Negara','2.1','mr_registrasi.php','negara','1,2,3','fa-circle-o text-red',1),
(31,2,'Rekam Medik','Wilayah','2.2','mr_registrasi.php','wilayah','1,2,3','fa-circle-o text-red',1),
(32,2,'Rekam Medik','Data Pasien','3.0','mr_registrasi.php','pasien_baru','0','fa fa-users',1),
(33,2,'Rekam Medik','Registrasi','4.0','mr_registrasi.php','#','0','fa fa-users',1),
(34,2,'Rekam Medik','Rawat Jalan','4.1','mr_registrasi.php','registrasi/rawat_jalan','0','fa-circle-o text-red',1),
(35,2,'Rekam Medik','Rawat Inap','4.2','mr_registrasi.php','registrasi/rawat_inap','0','fa-circle-o text-red',1),
(36,2,'Rekam Medik','Instalasi Gawat darurat','4.3','mr_registrasi.php','registrasi/gawat_darurat','0','fa-circle-o text-red',1),
(37,2,'Rekam Medik','Online','5.0','mr_registrasi.php','online','0','fa-globe',1),
(38,2,'Rekam Medik','Bed Monitoring','7.0','mr_registrasi.php','bed','0','fa-bed',1),
(39,2,'Rekam Medik','Riwayat Kunjungan Pasien','8.0','mr_registrasi.php','riwayat','0','fa-list',1),
(40,2,'Rekam Medik','Laporan Kunjungan','9.0','mr_registrasi.php','#','0','fa-print',1),
(41,2,'Rekam Medik','Laporan Kunjungan RS','9.1','mr_registrasi.php','laporan_kunjungan/kunjungan_rs','0','fa-circle-o text-red',1),
(42,2,'Rekam Medik','Laporan Kunjungan Unit','9.2','mr_registrasi.php','laporan_kunjungan/kunjungan_unit','0','fa-circle-o text-red',1),
(43,3,'Layanan','Home','1.0','nota_tagihan.php','dashboard','0','fa-home',1),
(44,3,'Layanan','Layanan','2.0','nota_tagihan.php','#','0','fa-cart-plus',1),
(45,3,'Layanan','Rawat Jalan','2.1','nota_tagihan.php','nota_tagihan','7,8,9,10,11,12,13','fa-circle-o text-red',1),
(46,3,'Layanan','Rawat Inap','2.2','nota_tagihan.php','nota_tagihan/ranap','7,8,9,10,12,13,14,15','fa-circle-o text-red',1),
(47,3,'Layanan','Penunjang','2.3','nota_tagihan.php','nota_tagihan','7,13,16,17','fa-circle-o text-red',1),
(48,3,'Layanan','Gawat Darurat','2.4','nota_tagihan.php','nota_tagihan','7,8,9,10,11,12,13','fa-circle-o text-red',1),
(49,3,'Layanan','List Nota Tagihan','3.0','nota_tagihan.php','#','0','fa-cart-plus',1),
(50,3,'Layanan','Rawat Jalan','3.1','nota_tagihan.php','list_nota_tagihan','0','fa-circle-o text-red',1),
(51,3,'Layanan','Rawat Inap','3.2','nota_tagihan.php','list_nota_tagihan/ranap','0','fa-circle-o text-red',1),
(52,3,'Layanan','Penunjang','3.3','nota_tagihan.php','list_nota_tagihan/penunjang','0','fa-circle-o text-red',1),
(53,3,'Layanan','Gawat Darurat','3.4','nota_tagihan.php','list_nota_tagihan/igd','0','fa-circle-o text-red',1),
(54,3,'Layanan','Pasien Pulang','4.0','nota_tagihan.php','pasien_pulang','0','fa-list',1),
(55,3,'Layanan','List Pasien Keluar','5.0','nota_tagihan.php','list_kunjungan_unit','0','fa-list',1),
(56,4,'Farmasi','Home','1.0','farmasi.php','dashboard','0','fa-home',1),
(57,4,'Farmasi','Setting','2.0','farmasi.php','#','0','fa-gears',1),
(58,4,'Farmasi','Group Lokasi','2.1','farmasi.php','group_lokasi','0','fa-circle-o text-red',1),
(59,4,'Farmasi','Satuan','2.2','farmasi.php','satuan','1,2,3','fa-circle-o text-red',1),
(60,4,'Farmasi','Kategori Barang','2.3','farmasi.php','kategori_barang','1,2,3','fa-circle-o text-red',1),
(61,4,'Farmasi','Jenis Barang','2.4','farmasi.php','jenis_barang','1,2,3','fa-circle-o text-red',1),
(62,4,'Farmasi','Master Data','3.0','farmasi.php','#','0','fa-list',1),
(63,4,'Farmasi','Master Lokasi Obat','3.1','farmasi.php','lokasi','0','fa-circle-o text-red',1),
(64,4,'Farmasi','Master Obat / Alkes','3.2','farmasi.php','obat','1,2,3','fa-circle-o text-red',1),
(65,4,'Farmasi','Master Supplier','3.3','farmasi.php','supplier','1,2,3','fa-circle-o text-red',1),
(66,4,'Farmasi','Rekanan Farmasi','3.4','farmasi.php','rekanan_khusus','1,2,3','fa-circle-o text-red',1),
(67,4,'Farmasi','Koreksi Stok Opname','4.0','farmasi.php','stok_opname','0','fa-cart-plus',1),
(68,4,'Farmasi','Transaksi Barang Masuk','5.0','farmasi.php','#','0','fa-cart-plus',1),
(69,4,'Farmasi','Pembelian','5.1','farmasi.php','trans_pembelian','1,3','fa-circle-o text-red',1),
(70,4,'Farmasi','Retur Pembelian','5.2','farmasi.php','retur_trans_pembelian','0','fa-circle-o text-red',1),
(71,4,'Farmasi','Barang Pinjaman','5.3','farmasi.php','barang_masuk_khusus','1,3','fa-circle-o text-red',1),
(72,4,'Farmasi','Retur Barang Pinjaman','5.4','farmasi.php','retur_barang_masuk_khusus','0','fa-circle-o text-red',1),
(73,4,'Farmasi','Transaksi Mutasi Barang','6.0','farmasi.php','#','0','fa-cart-plus',1),
(74,4,'Farmasi','Mutasi','6.1','farmasi.php','trans_mutasi','1','fa-circle-o text-red',1),
(75,4,'Farmasi','Retur Mutasi','6.2','farmasi.php','retur_trans_mutasi','1','fa-circle-o text-red',1),
(76,4,'Farmasi','Pemakaian BHP','6.3','farmasi.php','trans_pemakaian_bhp','1','fa-circle-o text-red',1),
(77,4,'Farmasi','Retur Pemakaian BHP','6.4','farmasi.php','retur_trans_pemakaian_bhp','1','fa-circle-o text-red',1),
(78,4,'Farmasi','Transaksi Barang Keluar','7.0','farmasi.php','#','0','fa-cart-plus',1),
(79,4,'Farmasi','Penjualan','7.1','farmasi.php','trans_penjualan','1','fa-circle-o text-red',1),
(80,4,'Farmasi','Retur Penjualan','7.2','farmasi.php','retur_trans_penjualan','1','fa-circle-o text-red',1),
(81,4,'Farmasi','Pengembalian Barang','7.3','farmasi.php','barang_keluar_khusus','1','fa-circle-o text-red',1),
(82,4,'Farmasi','Return Pengembalian Barang','7.4','farmasi.php','retur_barang_keluar_khusus','1','fa-circle-o text-red',1),
(83,4,'Farmasi','Lihat Stok','8.0','farmasi.php','#','0','fa-cart-plus',1),
(84,4,'Farmasi','Stok By Rumah Sakit','8.1','farmasi.php','stok_rs','0','fa-circle-o text-red',1),
(85,4,'Farmasi','Stok By Lokasi','8.2','farmasi.php','stok_lokasi','0','fa-circle-o text-red',1),
(86,4,'Farmasi','Laporan','9.0','farmasi.php','#','0','fa-print',1),
(87,4,'Farmasi','Stok','9.1','farmasi.php','laporan/stok','0','fa-circle-o text-red',1),
(88,4,'Farmasi','Kartu Stok','9.2','farmasi.php','lap_kartu_stok','0','fa-circle-o text-red',0),
(89,4,'Farmasi','Koreksi Stok','9.3','farmasi.php','lap_koreksi_stok','0','fa-circle-o text-red',1),
(90,4,'Farmasi','Pembelian','9.5','farmasi.php','laporan/pembelian','0','fa-circle-o text-red',1),
(91,4,'Farmasi','Retur Pembelian','9.6','farmasi.php','laporan_retur_pembelian','0','fa-circle-o text-red',0),
(92,4,'Farmasi','Barang Pinjaman','9.7','farmasi.php','laporan_barang_pinjaman','0','fa-circle-o text-red',1),
(93,4,'Farmasi','Retur Barang Pinjaman','9.8','farmasi.php','laporan_retur_barang_pinjaman','0','fa-circle-o text-red',1),
(94,4,'Farmasi','Mutasi','9.9','farmasi.php','laporan_mutasi','0','fa-circle-o text-red',1),
(95,4,'Farmasi','Retur Mutasi','9.10','farmasi.php','laporan_mutasi/laporan_retur_mutasi','0','fa-circle-o text-red',1),
(96,4,'Farmasi','Pemakian BHP','9.11','farmasi.php','laporan_pemakaian_bhp','0','fa-circle-o text-red',1),
(97,4,'Farmasi','Retur Pemakaian BHP','9.12','farmasi.php','laporan_pemakaian_bhp/laporan_retur_bhp','0','fa-circle-o text-red',1),
(98,4,'Farmasi','Penjualan','9.13','farmasi.php','laporan_penjualan','0','fa-circle-o text-red',1),
(99,4,'Farmasi','Retur Penjualan','9.14','farmasi.php','laporan_penjualan/laporan_retur_penjualan','0','fa-circle-o text-red',1),
(100,4,'Farmasi','Pengembalian Barang','9.15','farmasi.php','laporan_pengembalian_barang','0','fa-circle-o text-red',1),
(101,4,'Farmasi','Retur Pengembalian Barang','9.16','farmasi.php','laporan_retur_pengembalian_barang','0','fa-circle-o text-red',1),
(102,5,'Kasir','Home','1.0','kasir.php','dashboard','0','fa-home',1),
(103,5,'Kasir','Tarif Layanan','2.0','kasir.php','tarif_layanan','0','fa-list',1),
(104,5,'Kasir','Kwitansi','3.0','kasir.php','kwitansi','0','fa-cart-plus',1),
(105,5,'Kasir','Kwitansi Batal','4.0','kasir.php','kwitansi_batal','0','fa-cart-plus',1),
(106,5,'Kasir','Laporan','5.0','kasir.php','#','0','fa-print',1),
(107,5,'Kasir','Laporan Pendapatan','5.1','kasir.php','laporan/pendapatan','0','fa-circle-o text-red',1),
(108,5,'Kasir','Laporan Kwitansi Batal','5.2','kasir.php','laporan/kwitansi_batal','0','fa-circle-o text-red',1),
(109,4,'Farmasi','Pemakaian Obat','7.5','farmasi.php','pemakaian_obat','0','fa-circle-o text-red',1),
(110,2,'Rekam Medik','Home','1.0','mr_registrasi.php','dashboard','0','fa-home',1),
(111,6,'Dokumen Sirs','Home','1.0','mr_dokumen.php','dashboard','0','fa-home',1),
(112,6,'Dokumen Sirs','Mr Dokumen','2.0','mr_dokumen.php','#','0','fa-list',1),
(113,6,'Dokumen Sirs','Penerimaan Status Kembali','2.1','mr_dokumen.php','status_kembali','0','fa-circle-o text-green',1),
(114,6,'Dokumen Sirs','Pemeriksaan KLPCM','2.2','mr_dokumen.php','klpcm','0','fa-circle-o text-green',1),
(115,6,'Dokumen Sirs','Pengembalian Berkas','2.3','mr_dokumen.php','pengembalian_berkas','0','fa-circle-o text-green',1),
(116,6,'Dokumen Sirs','Penyimpanan Berkas','2.4','mr_dokumen.php','penyimpanan_berkas','0','fa-circle-o text-green',1),
(117,6,'Dokumen Sirs','Entry Data SIRS','3.0','mr_dokumen.php','#','0','fa-list',1),
(118,6,'Dokumen Sirs','Informasi Pasien Keluar','3.1','mr_dokumen.php','informasi_pasien_keluar','0','fa-circle-o text-green',1),
(119,6,'Dokumen Sirs','Trace Rekam Medik','4.0','mr_dokumen.php','#','0','fa-list',1),
(120,6,'Dokumen Sirs','Pendaftaran Loket','4.1','mr_dokumen.php','trace_rekam_medik','0','fa-circle-o text-green',1),
(121,6,'Dokumen Sirs','Pendaftaran Online','4.2','mr_dokumen.php','online','0','fa-circle-o text-green',1),
(122,6,'Dokumen Sirs','SIMRS - Eklaim','5.0','mr_dokumen.php','#','0','fa-list',1),
(123,6,'Dokumen Sirs','Coding / Grouping','5.1','mr_dokumen.php','eklaim','0','fa-circle-o text-green',1),
(124,6,'Dokumen Sirs','Laporan Sirs (IGD)','6.0','mr_dokumen.php','#','0','fa-print',1),
(125,6,'Dokumen Sirs','Kunjungan Baru / Lama','6.1','mr_dokumen.php','sirs/igd/kunjungan_bala','0','fa-circle-o text-green',1),
(126,6,'Dokumen Sirs','Kunjungan / Cara Bayar','6.2','mr_dokumen.php','sirs/igd/kunjungan_caba','0','fa-circle-o text-green',1),
(127,6,'Dokumen Sirs','Kunjungan / Pelayanan','6.3','mr_dokumen.php','sirs/igd/kunjungan_pelayanan','0','fa-circle-o text-green',1),
(128,6,'Dokumen Sirs','Top 10 Penyakit','6.4','mr_dokumen.php','sirs/igd/top_teen','0','fa-circle-o text-green',1),
(129,6,'Dokumen Sirs','Laporan Sirs (Rawat Jalan)','7.0','mr_dokumen.php','#','0','fa-print',1),
(130,6,'Dokumen Sirs','Kunjungan Baru / Lama','7.1','mr_dokumen.php','sirs/rajal/kunjungan_bala','0','fa-circle-o text-green',1),
(131,6,'Dokumen Sirs','Kunjungan / Cara Bayar','7.2','mr_dokumen.php','sirs/rajal/kunjungan_caba','0','fa-circle-o text-green',1),
(132,6,'Dokumen Sirs','Kunjungan / Pelayanan','7.3','mr_dokumen.php','sirs/rajal/kunjungan_pelayanan','0','fa-circle-o text-green',1),
(133,6,'Dokumen Sirs','Top 10 Penyakit','7.4','mr_dokumen.php','sirs/rajal/top_teen','0','fa-circle-o text-green',1),
(134,6,'Dokumen Sirs','Laporan Sirs (Rawat Inap)','8.0','mr_dokumen.php','#','0','fa-print',1),
(135,6,'Dokumen Sirs','Bad Occupancy Rate','8.1','mr_dokumen.php','sirs/ranap/bor','0','fa-circle-o text-green',1),
(136,6,'Dokumen Sirs','Average Long Of Stay','8.2','mr_dokumen.php','sirs/ranap/alos','0','fa-circle-o text-green',1),
(137,6,'Dokumen Sirs','Turn Over Interval','8.3','mr_dokumen.php','sirs/ranap/toi','0','fa-circle-o text-green',1),
(138,6,'Dokumen Sirs','Bed Turning Over','8.4','mr_dokumen.php','sirs/ranap/bto','0','fa-circle-o text-green',1),
(139,6,'Dokumen Sirs','Net Death Rate','8.5','mr_dokumen.php','sirs/ranap/ndr','0','fa-circle-o text-green',1),
(140,6,'Dokumen Sirs','Gross Death Rate','8.6','mr_dokumen.php','sirs/ranap/gdr','0','fa-circle-o text-green',1),
(141,6,'Dokumen Sirs','Hari Rawat','8.7','mr_dokumen.php','sirs/ranap/hari_rawat','0','fa-circle-o text-green',1),
(142,6,'Dokumen Sirs','Jumlah Pasien Keluar','8.8','mr_dokumen.php','sirs/ranap/pasien_keluar','0','fa-circle-o text-green',1),
(143,6,'Dokumen Sirs','Jumlah Pasien Masuk','8.9','mr_dokumen.php','sirs/ranap/pasien_masuk','0','fa-circle-o text-green',1),
(144,6,'Dokumen Sirs','Kematian > 48 Jam','8.10','mr_dokumen.php','sirs/ranap/mati_lebih_48','0','fa-circle-o text-green',1),
(145,6,'Dokumen Sirs','Kematian < 48 Jam','8.11','mr_dokumen.php','sirs/ranap/mati_kurang_48','0','fa-circle-o text-green',1),
(146,6,'Dokumen Sirs','Jumlah Pasien / Pelayanan','8.12','mr_dokumen.php','sirs/ranap/pasien_pelayanan','0','fa-circle-o text-green',1),
(147,6,'Dokumen Sirs','Jumlah Pasien / Ruang Rawat','8.13','mr_dokumen.php','sirs/ranap/pasien_ruang_rawat','0','fa-circle-o text-green',1),
(148,6,'Dokumen Sirs','Jumlah Pasien Hidup & Mati','8.14','mr_dokumen.php','sirs/ranap/pasien_hidup_mati','0','fa-circle-o text-green',1),
(149,6,'Dokumen Sirs','Kegiatan Pelayanan','8.15','mr_dokumen.php','sirs/ranap/kegiatan_pelayanan','0','fa-circle-o text-green',1),
(150,6,'Dokumen Sirs','Kunjungan / Cara Bayar','8.16','mr_dokumen.php','sirs/ranap/kunjungan_caba','0','fa-circle-o text-green',1),
(151,6,'Dokumen Sirs','Kunjungan / Pelayanan','8.17','mr_dokumen.php','sirs/ranap/kunjungan_pelayanan','0','fa-circle-o text-green',1),
(152,6,'Dokumen Sirs','Lama Rawat','8.18','mr_dokumen.php','sirs/ranap/lama_rawat','0','fa-circle-o text-green',1),
(153,6,'Dokumen Sirs','Morbodotas Mortalitas (SL)','8.19','mr_dokumen.php','sirs/ranap/morbodotas_sl','0','fa-circle-o text-green',1),
(154,6,'Dokumen Sirs','Morbodotas Mortalitas','8.20','mr_dokumen.php','sirs/ranap/morbodotas','0','fa-circle-o text-green',1),
(155,6,'Dokumen Sirs','Top 10 Penyakit','8.21','mr_dokumen.php','sirs/ranap/top_teen','0','fa-circle-o text-green',1),
(156,6,'Dokumen Sirs','Rekapitulasi Kunjungan','9.0','mr_dokumen.php','#','0','fa-list',1),
(157,6,'Dokumen Sirs','Harian','9.1','mr_dokumen.php','rekapitulasi/kunjungan','0','fa-circle-o text-red',1),
(158,6,'Dokumen Sirs','Bulanan','9.2','mr_dokumen.php','rekapitulasi/bulanan','0','fa-circle-o text-red',1),
(159,6,'Dokumen Sirs','Tahunan','9.3','mr_dokumen.php','rekapitulasi/tahunan','0','fa-circle-o text-red',1),
(166,6,'Dokumen Sirs','Retensi','10.0','mr_dokumen.php','retensi','0','fa-list',1),
(167,4,'Farmasi','Penjualan Obat Bebas','7.6','farmasi.php','pemakaian_obat/bebas','0','fa-circle-o text-red',1),
(168,2,'Rekam Medik','Bayi Baru Lahir','4.4','mr_registrasi.php','bayi','0','fa-circle-o text-red',1),
(169,1,'Administrator','Aplicare','2.14','administrator.php','aplicares','0','fa-circle-o text-red',1),
(170,2,'Rekam Medik','Vclaim','6.0','mr_registrasi.php','#','0','fa-list',1),
(171,2,'Rekam Medik','Riwayat Kunjungan','6.1','mr_registrasi.php','vclaim/sep','0','fa-circle-o text-red',1),
(172,2,'Rekam Medik','Suplesi Jasa raharja','6.2','mr_registrasi.php','vclaim/sep/jasaraharja','0','fa-circle-o text-red',1),
(173,2,'Rekam Medik','Finger Print','6.3','mr_registrasi.php','vclaim/sep/finger','0','fa-circle-o text-red',1),
(174,2,'Rekam Medik','Pengajuan Jaminan SEP','6.4','mr_registrasi.php','vclaim/sep/pengajuan','0','fa-circle-o text-red',1),
(175,2,'Rekam Medik','PRB','6.5','mr_registrasi.php','vclaim/prb','0','fa-circle-o text-red',1),
(176,2,'Rekam Medik','Surat Kontrol / SPRI','6.6','mr_registrasi.php','vclaim/rencanakontrol','0','fa-circle-o text-red',1),
(177,2,'Rekam Medik','Monitoring Kunjungan','6.7','mr_registrasi.php','vclaim/monitoring/kunjungan','0','fa-circle-o text-red',1),
(178,2,'Rekam Medik','Monitoring Klaim','6.8','mr_registrasi.php','vclaim/monitoring/klaim','0','fa-circle-o text-red',1),
(179,2,'Rekam Medik','Mionitoring Klaim Jasaraharja','6.9','mr_registrasi.php','vclaim/monitoring/klaimjasaraharja','0','fa-circle-o text-red',1);

/*Table structure for table `tbl01_acc_modul` */

DROP TABLE IF EXISTS `tbl01_acc_modul`;

CREATE TABLE `tbl01_acc_modul` (
  `idx` int(11) NOT NULL AUTO_INCREMENT,
  `nama_modul` varchar(50) DEFAULT NULL,
  `skin` enum('skin-black','skin-black-light','skin-blue','skin-blue-light','skin-green','skin-green-light','skin-purple','skin-purple-light','skin-red','skin-red-light','skin-yellow','skin-yellow-light') DEFAULT 'skin-green',
  `status` tinyint(1) DEFAULT NULL,
  PRIMARY KEY (`idx`)
) ENGINE=MyISAM AUTO_INCREMENT=8 DEFAULT CHARSET=latin1;

/*Data for the table `tbl01_acc_modul` */

insert  into `tbl01_acc_modul`(`idx`,`nama_modul`,`skin`,`status`) values 
(1,'Administrator','skin-blue',1),
(2,'Rekam Medik','skin-red',1),
(3,'Layanan','skin-green',1),
(4,'Farmasi','skin-red-light',1),
(5,'Kasir','skin-blue-light',1),
(6,'Dokumen Sirs','skin-green-light',1),
(7,'Bed Monitoring','skin-green',1);

/*Table structure for table `tbl02_sep_response` */

DROP TABLE IF EXISTS `tbl02_sep_response`;

CREATE TABLE `tbl02_sep_response` (
  `idx` int(11) NOT NULL AUTO_INCREMENT,
  `catatan` text,
  `diagnosa` text,
  `jnsPelayanan` varchar(50) DEFAULT NULL,
  `kelasRawat` int(11) DEFAULT NULL,
  `noSep` varchar(50) DEFAULT NULL,
  `penjamin` varchar(50) DEFAULT NULL,
  `asuransi` varchar(50) DEFAULT NULL,
  `hakKelas` varchar(30) DEFAULT NULL,
  `jnsPeserta` varchar(100) DEFAULT NULL,
  `kelamin` varchar(15) DEFAULT NULL,
  `nama` varchar(100) DEFAULT NULL,
  `noKartu` char(13) DEFAULT NULL,
  `noMr` char(6) DEFAULT NULL,
  `tglLahir` date DEFAULT NULL,
  `Dinsos` varchar(50) DEFAULT NULL,
  `prolanisPRB` varchar(50) DEFAULT NULL,
  `noSKTM` varchar(50) DEFAULT NULL,
  `poli` varchar(50) DEFAULT NULL,
  `poliEksekutif` varchar(50) DEFAULT NULL,
  `tglSep` date DEFAULT NULL,
  `ppkPelayanan` varchar(10) DEFAULT NULL,
  `klsRawatHak` int(11) DEFAULT NULL,
  `klsRawatNaik` int(11) DEFAULT NULL,
  `pembiayaan` int(11) DEFAULT NULL,
  `penanggungJawab` varchar(30) DEFAULT NULL,
  `asalRujukan` int(11) DEFAULT NULL,
  `tglRujukan` date DEFAULT NULL,
  `noRujukan` varchar(50) DEFAULT NULL,
  `ppkRujukan` varchar(10) DEFAULT NULL,
  `namaPpkRujukan` varchar(50) DEFAULT NULL,
  `tujuan` varchar(5) DEFAULT NULL,
  `namaTujuan` varchar(50) DEFAULT NULL,
  `eksekutif` tinyint(1) DEFAULT NULL,
  `cob` tinyint(1) DEFAULT NULL,
  `katarak` tinyint(1) DEFAULT NULL,
  `lakaLantas` tinyint(1) DEFAULT NULL,
  `tglKejadian` date DEFAULT NULL,
  `keterangan` text,
  `suplesi` tinyint(1) DEFAULT NULL,
  `noSepSuplesi` varchar(20) DEFAULT NULL,
  `kdPropinsi` varchar(10) DEFAULT NULL,
  `kdKabupaten` varchar(10) DEFAULT NULL,
  `kdKecamatan` varchar(10) DEFAULT NULL,
  `tujuanKunj` int(1) DEFAULT NULL,
  `flagProcedure` int(1) DEFAULT NULL,
  `kdPenunjang` int(2) DEFAULT NULL,
  `assesmentPel` int(1) DEFAULT NULL,
  `noSurat` varchar(50) DEFAULT NULL,
  `kodeDPJP` varchar(10) DEFAULT NULL,
  `namaDPJP` varchar(50) DEFAULT NULL,
  `dpjpLayan` varchar(10) DEFAULT NULL,
  `namaDpjpLayan` varchar(50) DEFAULT NULL,
  `noTelp` varchar(15) DEFAULT NULL,
  `user` varchar(50) DEFAULT NULL,
  `batal` tinyint(1) DEFAULT '0',
  `userbatal` varchar(50) DEFAULT NULL,
  PRIMARY KEY (`idx`)
) ENGINE=MyISAM AUTO_INCREMENT=67 DEFAULT CHARSET=latin1;

/*Data for the table `tbl02_sep_response` */

insert  into `tbl02_sep_response`(`idx`,`catatan`,`diagnosa`,`jnsPelayanan`,`kelasRawat`,`noSep`,`penjamin`,`asuransi`,`hakKelas`,`jnsPeserta`,`kelamin`,`nama`,`noKartu`,`noMr`,`tglLahir`,`Dinsos`,`prolanisPRB`,`noSKTM`,`poli`,`poliEksekutif`,`tglSep`,`ppkPelayanan`,`klsRawatHak`,`klsRawatNaik`,`pembiayaan`,`penanggungJawab`,`asalRujukan`,`tglRujukan`,`noRujukan`,`ppkRujukan`,`namaPpkRujukan`,`tujuan`,`namaTujuan`,`eksekutif`,`cob`,`katarak`,`lakaLantas`,`tglKejadian`,`keterangan`,`suplesi`,`noSepSuplesi`,`kdPropinsi`,`kdKabupaten`,`kdKecamatan`,`tujuanKunj`,`flagProcedure`,`kdPenunjang`,`assesmentPel`,`noSurat`,`kodeDPJP`,`namaDPJP`,`dpjpLayan`,`namaDpjpLayan`,`noTelp`,`user`,`batal`,`userbatal`) values 
(1,'-','R04.2 - Haemoptysis','R.Jalan',0,'0306R0010420V004006','-','-','Kelas 3','PBI (APBN)','Laki-Laki','YUSMAN EFFENDI','0000283809598','023713','1960-04-26',NULL,NULL,NULL,'PARU','Tidak','2020-04-29','0306R001',0,NULL,NULL,NULL,1,'2020-11-26','030602021120P000405','03060202','KOTO KATIAK','PAR','PARU',0,0,0,0,NULL,NULL,NULL,NULL,NULL,NULL,NULL,NULL,NULL,NULL,NULL,NULL,'27107','dr. Yenny Muchtar, Sp.P','27107','dr. Yenny Muchtar, Sp.P','0123456789','rsudpp',0,NULL),
(2,'-','K29 - Gastritis and duodenitis','R.Jalan',0,'0306R0010420V004112','-','-','Kelas 2','PEGAWAI PEMERINTAH DENGAN PERJANJIAN KERJA','Perempuan','NOFRINDA ASVERDANY','0001164981014','060606','1981-08-27',NULL,NULL,NULL,'INSTALASI GAWAT DARURAT','Tidak','2020-04-30',NULL,NULL,NULL,NULL,NULL,NULL,NULL,NULL,NULL,NULL,NULL,NULL,NULL,NULL,NULL,NULL,NULL,NULL,NULL,NULL,NULL,NULL,NULL,NULL,NULL,NULL,NULL,NULL,NULL,NULL,NULL,NULL,'081261939351',NULL,0,NULL),
(3,'contoh','Z00.2 - Examination for period of rapid growth in childhood','R.Jalan',0,'0306R0011220V000468','-','-','Kelas 2','PEGAWAI PEMERINTAH DENGAN PERJANJIAN KERJA','Laki-Laki','WANHAR AZRI','0002888900853','732917','1986-08-09',NULL,NULL,NULL,'INSTALASI GAWAT DARURAT','Tidak','2020-12-03',NULL,NULL,NULL,NULL,NULL,NULL,NULL,NULL,NULL,NULL,NULL,NULL,NULL,NULL,NULL,NULL,NULL,NULL,NULL,NULL,NULL,NULL,NULL,NULL,NULL,NULL,NULL,NULL,NULL,NULL,NULL,NULL,'081310460892',NULL,0,NULL),
(4,'contoh','Z00.2 - Examination for period of rapid growth in childhood','R.Jalan',0,'0306R0011220V000469','-','-','Kelas 2','PEGAWAI PEMERINTAH DENGAN PERJANJIAN KERJA','Laki-Laki','WANHAR AZRI','0002888900853','732917','1986-08-09',NULL,NULL,NULL,'INSTALASI GAWAT DARURAT','Tidak','2020-12-03',NULL,NULL,NULL,NULL,NULL,NULL,NULL,NULL,NULL,NULL,NULL,NULL,NULL,NULL,NULL,NULL,NULL,NULL,NULL,NULL,NULL,NULL,NULL,NULL,NULL,NULL,NULL,NULL,NULL,NULL,NULL,NULL,'081310460892',NULL,0,NULL),
(5,'test','K29 - Gastritis and duodenitis','R.Jalan',0,'0306R0011220V003433','-','-','Kelas 2','PEGAWAI PEMERINTAH DENGAN PERJANJIAN KERJA','Perempuan','NOFRINDA ASVERDANY','0001164981014','060606','1981-08-27',NULL,NULL,NULL,'INSTALASI GAWAT DARURAT','Tidak','2020-12-21','0306R001',2,NULL,NULL,NULL,2,'0000-00-00','','0053U023','SONYA THEMIARTO (JST)','IGD','INSTALASI GAWAT DARURAT',0,0,0,0,'0000-00-00','',0,'','','','',NULL,NULL,NULL,NULL,'','','','27131','dr. Nora Fitri','081261939351','rsudpp',0,NULL),
(6,'Contoh','A00 - Cholera','R.Jalan',0,'0306R0010121V001658','-','-','Kelas 2','PEGAWAI PEMERINTAH DENGAN PERJANJIAN KERJA','Laki-Laki','WANHAR AZRI','0002888900853','732917','1986-08-09',NULL,NULL,NULL,'INSTALASI GAWAT DARURAT','Tidak','2021-01-11','0306R001',2,NULL,NULL,NULL,2,'0000-00-00','','0053B001','KLINIK GUNUANG','IGD','INSTALASI GAWAT DARURAT',0,0,0,0,'0000-00-00','',0,'','','','',NULL,NULL,NULL,NULL,'','','','NRP1910066','dr. ESTELITA ','081310460892','NRP1910460',0,NULL),
(7,'Contoh','A00 - Cholera','R.Jalan',0,'0306R0010121V001660','-','-','Kelas 2','PEGAWAI PEMERINTAH DENGAN PERJANJIAN KERJA','Laki-Laki','WANHAR AZRI','0002888900853','732917','1986-08-09',NULL,NULL,NULL,'INSTALASI GAWAT DARURAT','Tidak','2021-01-11','0306R001',2,NULL,NULL,NULL,2,'0000-00-00','','0053B001','KLINIK GUNUANG','IGD','INSTALASI GAWAT DARURAT',0,0,0,0,'0000-00-00','',0,'','','','',NULL,NULL,NULL,NULL,'','','','NRP1910066','dr. ESTELITA ','081310460892','NRP1910460',1,'NRP1910460'),
(8,'test','A00 - Cholera','R.Inap',2,'0306R0010121V001674','-','-','Kelas 2','PEGAWAI PEMERINTAH DENGAN PERJANJIAN KERJA','Laki-Laki','WANHAR AZRI','0002888900853','732917','1986-08-09',NULL,NULL,NULL,'-','-','2021-01-11','0306R001',2,NULL,NULL,NULL,2,'2021-01-11','00212','0306R001','RSU PADANG PANJANG','','',0,0,0,0,'0000-00-00','',0,'','','','',NULL,NULL,NULL,NULL,'000212','18858',NULL,'18858',NULL,'081310460892','NRP1910460',0,NULL),
(9,'-','Q21.0 - Ventricular septal defect','R.Jalan',0,'0306R0010121V003401','-','-','Kelas 3','PEKERJA MANDIRI','Laki-Laki','MUHAMMAD ABID ABYAN','0002084334941','693315','2011-11-04',NULL,'Potensi PRB',NULL,'ANAK','Tidak','2021-01-21','0306R001',3,NULL,NULL,NULL,1,'2021-01-20','030601010121P000409','03060101','GUNUNG','ANA','ANAK',0,0,0,0,'0000-00-00','',0,'','','','',NULL,NULL,NULL,NULL,'','','Pilih Dokter','290983','DR. FITRIYANA','081382850326','NRP1910461',0,NULL),
(10,'-','K04.1 - Necrosis of pulp','R.Jalan',0,'0306R0010221V001729','-','-','Kelas 3','PBI (APBD)','Laki-Laki','LATIFFUN RIDHO','0002066536596','393415','1988-02-05',NULL,NULL,NULL,'GIGI','Tidak','2021-02-10','0306R001',3,NULL,NULL,NULL,1,'2020-12-16','005300011220P000449','00530001','BUKIT SURUNGAN','GIG','GIGI',0,0,0,0,'0000-00-00','',0,'','','','',NULL,NULL,NULL,NULL,'55','268922','BAMBANG ARI PUTRANTO','268922','BAMBANG ARI PUTRANTO','085368976386','NRP1910450',0,NULL),
(11,'-','R13 - Dysphagia','R.Jalan',0,'0306R0011021V002403','-','-','Kelas 2','PEGAWAI PEMERINTAH DENGAN PERJANJIAN KERJA','Perempuan','TIARA DWI ANNISA','0000284931797','227118','1992-10-19',NULL,NULL,NULL,'INSTALASI GAWAT DARURAT','Tidak','2021-10-12','0306R001',2,NULL,NULL,NULL,2,'0000-00-00','','03060101','GUNUNG','IGD','INSTALASI GAWAT DARURAT',0,0,0,0,'0000-00-00','',0,'','','','',NULL,NULL,NULL,NULL,'','','','NRP2101025','dr. NOVIA PURNAMA SARI','082264472747','NRP2101011',0,NULL),
(12,'-','R13 - Dysphagia','R.Jalan',0,'0306R0011021V002404','-','-','Kelas 2','PEGAWAI PEMERINTAH DENGAN PERJANJIAN KERJA','Perempuan','TIARA DWI ANNISA','0000284931797','227118','1992-10-19',NULL,NULL,NULL,'INSTALASI GAWAT DARURAT','Tidak','2021-10-12','0306R001',2,NULL,NULL,NULL,2,'0000-00-00','','03060101','GUNUNG','IGD','INSTALASI GAWAT DARURAT',0,0,0,0,'0000-00-00','',0,'','','','',NULL,NULL,NULL,NULL,'','','','NRP2101025','dr. NOVIA PURNAMA SARI','082264472747','NRP2101011',0,NULL),
(13,'Coba Ws Vclaim 2.0','I10 - Essential (primary) hypertension','R.Jalan',0,'0306R0011221V000001','-','-','Kelas 2','PEGAWAI PEMERINTAH DENGAN PERJANJIAN KERJA','Laki-Laki','SYAHRIL','0002051350288','056419','1963-10-07',NULL,NULL,NULL,'PENYAKIT DALAM','Tidak','2021-12-07','0306R001',2,0,0,NULL,1,'2021-11-11','030602011121P000001','03060201','KEBUN SIKOLOS','INT','PENYAKIT DALAM',0,0,0,0,'0000-00-00','',0,'',NULL,'','',0,0,0,0,'','','','18781','dr. Letmi Yestrijal, Sp PD','081310460892','NRP1910460',0,NULL),
(14,'Coba Buat SEP kunjungan ke 2','I10 - Essential (primary) hypertension','R.Jalan',0,'0306R0011221V000002','-',NULL,NULL,NULL,NULL,NULL,NULL,NULL,NULL,NULL,NULL,NULL,'PENYAKIT DALAM','Tidak','2021-12-09','0306R001',2,0,0,NULL,1,'2021-11-11','030602011121P000001','03060201','KEBUN SIKOLOS','INT','PENYAKIT DALAM',0,0,0,0,'0000-00-00','',0,'','','','',2,0,0,5,'0306R0011221K000001','18781','dr. Letmi Yestrijal, Sp.PD','18781','dr. Letmi Yestrijal, Sp.PD','081310460892','NRP1910460',0,NULL),
(15,'Catatan','I10 - Essential (primary) hypertension','R.Jalan',0,'0306R0011221V000003','-','-','Kelas 2',NULL,'Laki-Laki','SYAHRIL','0002051350288','056419','1963-10-07',NULL,NULL,NULL,'PENYAKIT DALAM','Tidak','2021-12-10','0306R001',2,0,0,NULL,1,'2021-11-11','030602011121P000001','03060201','KEBUN SIKOLOS','INT','PENYAKIT DALAM',0,0,0,0,'0000-00-00','',0,'','','','',2,0,0,5,'0306R0011221K000002','18781','dr. Letmi Yestrijal, Sp.PD','18781','dr. Letmi Yestrijal, Sp.PD','081310460892','NRP1910460',0,NULL),
(16,'Catatan','I10 - Essential (primary) hypertension','R.Jalan',0,'0306R0011221V000004','-','-','Kelas 2','PEGAWAI PEMERINTAH DENGAN PERJANJIAN KERJA','Laki-Laki','SYAHRIL','0002051350288','056419','1963-10-07',NULL,NULL,NULL,'PENYAKIT DALAM','Tidak','2021-12-10','0306R001',2,0,0,NULL,1,'2021-11-11','030602011121P000001','03060201','KEBUN SIKOLOS','INT','PENYAKIT DALAM',0,0,0,0,'0000-00-00','',0,'','','','',2,0,0,5,'0306R0011221K000002','18781','dr. Letmi Yestrijal, Sp.PD','18781','dr. Letmi Yestrijal, Sp.PD','081310460892','NRP1910460',0,NULL),
(17,'Pembuatan SEP Kontrol Prosedur Berkelanjutan Dengan Menggunakan No Surat Kontrol untuk spesialis/sub spesialis sesuai rujukan online','I10 - Essential (primary) hypertension','R.Jalan',0,'0306R0011221V000005','-','-','Kelas 2','PEGAWAI PEMERINTAH DENGAN PERJANJIAN KERJA','Laki-Laki','SYAHRIL','0002051350288','056419','1963-10-07',NULL,NULL,NULL,'PENYAKIT DALAM','Tidak','2021-12-13','0306R001',2,0,0,NULL,1,'2021-11-11','030602011121P000001','03060201','KEBUN SIKOLOS','INT','PENYAKIT DALAM',0,0,0,0,'0000-00-00','',0,'','','','',1,1,3,0,'0306R0011221K000003','18781','dr. Letmi Yestrijal, Sp.PD','18781','dr. Letmi Yestrijal, Sp.PD','081310460892','NRP1910460',0,NULL),
(18,'Test','I10 - Essential (primary) hypertension','R.Jalan',0,'0306R0011221V000001','-','-','Kelas 2','PEGAWAI PEMERINTAH DENGAN PERJANJIAN KERJA','Laki-Laki','SYAHRIL','0002051350288','056419','1963-10-07',NULL,NULL,NULL,'PENYAKIT DALAM','Tidak','2021-12-14','0306R001',2,0,0,NULL,1,'2021-11-11','030602011121P000001','03060201','KEBUN SIKOLOS','INT','PENYAKIT DALAM',0,0,0,0,'0000-00-00','',0,'','','','',1,0,8,0,'0306R0011221K000004','18781','dr. Letmi Yestrijal, Sp.PD','18781','dr. Letmi Yestrijal, Sp.PD','081310460892','NRP1910460',0,NULL),
(19,'-','I10 - Essential (primary) hypertension','R.Jalan',0,'0306R0011221V000006','-','-','Kelas 2','PEGAWAI PEMERINTAH DENGAN PERJANJIAN KERJA','Laki-Laki','SYAHRIL','0002051350288','056419','1963-10-07',NULL,NULL,NULL,'PENYAKIT DALAM','Tidak','2021-12-15','0306R001',2,0,0,NULL,1,'2021-11-11','030602011121P000001','03060201','KEBUN SIKOLOS','INT','PENYAKIT DALAM',0,0,0,0,'0000-00-00','',0,'','','','',1,1,6,0,'0306R0011221K000004','18781','dr. Letmi Yestrijal, Sp.PD','18781','dr. Letmi Yestrijal, Sp.PD','081310460892','NRP1910460',0,NULL),
(20,'Poliklinik Berbeda dengan Rujukan','I10 - Essential (primary) hypertension','R.Jalan',0,'0306R0011221V000001','-','-','Kelas 2','PEGAWAI PEMERINTAH DENGAN PERJANJIAN KERJA','Laki-Laki','SYAHRIL','0002051350288','056419','1963-10-07',NULL,NULL,NULL,'BEDAH','Tidak','2021-12-16','0306R001',2,0,0,NULL,1,'2021-11-11','030602011121P000001','03060201','KEBUN SIKOLOS','BED','BEDAH',0,0,0,0,'0000-00-00','',0,'','','','',0,0,0,4,'0306R0011221K000005','215484','MARDENOVA','215484','MARDENOVA','081310460892','NRP1910460',0,NULL),
(21,'Catatan','I10 - Essential (primary) hypertension','R.Jalan',0,'0306R0011221V000001','-','-','Kelas 2','PEGAWAI PEMERINTAH DENGAN PERJANJIAN KERJA','Laki-Laki','SYAHRIL','0002051350288','056419','1963-10-07',NULL,NULL,NULL,'BEDAH','Tidak','2021-12-16','0306R001',2,0,0,NULL,1,'2021-11-11','030602011121P000001','03060201','KEBUN SIKOLOS','BED','BEDAH',0,0,0,0,'0000-00-00','',0,'','','','',0,0,0,4,'0306R0011221K000005','215484','MARDENOVA','215484','MARDENOVA','081310460892','NRP1910460',0,NULL),
(22,'Rujuk Internal Ke THT','I10 - Essential (primary) hypertension','R.Jalan',0,'0306R0011221V000001','-','-','Kelas 2','PEGAWAI PEMERINTAH DENGAN PERJANJIAN KERJA','Laki-Laki','SYAHRIL','0002051350288','056419','1963-10-07',NULL,NULL,NULL,'THT-KL','Tidak','2021-12-16','0306R001',2,0,0,NULL,1,'2021-11-11','030602011121P000001','03060201','KEBUN SIKOLOS','THT','THT-KL',0,0,0,0,'0000-00-00','',0,'','','','',0,0,0,5,'0306R0011221K000005','18803','dr. Yuhisdiarman, Sp.THT-KL','18803','dr. Yuhisdiarman, Sp.THT-KL','081310460892','NRP1910460',0,NULL),
(23,'Konsul Dokter','I10 - Essential (primary) hypertension','R.Jalan',0,'0306R0011221V000007','-','-','Kelas 2','PEGAWAI PEMERINTAH DENGAN PERJANJIAN KERJA','Laki-Laki','SYAHRIL','0002051350288','056419','1963-10-07',NULL,NULL,NULL,'PENYAKIT DALAM','Tidak','2021-12-16','0306R001',2,0,0,NULL,1,'2021-11-11','030602011121P000001','03060201','KEBUN SIKOLOS','INT','PENYAKIT DALAM',0,0,0,0,'0000-00-00','',0,'','','','',2,0,0,5,'0306R0011221K000005','18781','dr. Letmi Yestrijal, Sp.PD','18781','dr. Letmi Yestrijal, Sp.PD','081310460892','NRP1910460',0,NULL),
(24,'SEP Kontrol Ulang','I10 - Essential (primary) hypertension','R.Jalan',0,'0306R0011221V000008','-','-','Kelas 2','PEGAWAI PEMERINTAH DENGAN PERJANJIAN KERJA','Laki-Laki','SYAHRIL','0002051350288','056419','1963-10-07',NULL,NULL,NULL,'PENYAKIT DALAM','Tidak','2021-12-16','0306R001',2,0,0,NULL,1,'2021-11-11','030602011121P000001','03060201','KEBUN SIKOLOS','INT','PENYAKIT DALAM',0,0,0,0,'0000-00-00','',0,'','','','',2,0,0,5,'0306R0011221K000005','18781','dr. Letmi Yestrijal, Sp.PD','18781','dr. Letmi Yestrijal, Sp.PD','081310460892','NRP1910460',0,NULL),
(25,'COba SEP','I10 - Essential (primary) hypertension','R.Jalan',0,'0306R0011221V000009','-','-','Kelas 2','PEGAWAI PEMERINTAH DENGAN PERJANJIAN KERJA','Laki-Laki','SYAHRIL','0002051350288','056419','1963-10-07',NULL,NULL,NULL,'PENYAKIT DALAM','Tidak','2021-12-16','0306R001',2,0,0,NULL,1,'2021-11-11','030602011121P000001','03060201','KEBUN SIKOLOS','INT','PENYAKIT DALAM',0,0,0,0,'0000-00-00','',0,'','','','',2,0,0,5,'0306R0011221K000005','18781','dr. Letmi Yestrijal, Sp.PD','18781','dr. Letmi Yestrijal, Sp.PD','081310460892','NRP1910460',0,NULL),
(26,'-','I10 - Essential (primary) hypertension','R.Jalan',0,'0306R0011221V000001','-','-','Kelas 2','PEGAWAI PEMERINTAH DENGAN PERJANJIAN KERJA','Laki-Laki','SYAHRIL','0002051350288','056419','1963-10-07',NULL,NULL,NULL,'BEDAH','Tidak','2021-12-16','0306R001',2,0,0,NULL,1,'2021-11-11','030602011121P000001','03060201','KEBUN SIKOLOS','BED','BEDAH',0,0,0,0,'0000-00-00','',0,'','','','',0,0,0,4,'0306R0011221K000005','215484','MARDENOVA','215484','MARDENOVA','081310460892','NRP1910460',0,NULL),
(27,'Coba Rujuk Internal Tanpa No Kontrol','I10 - Essential (primary) hypertension','R.Jalan',0,'0306R0011221V000001','-','-','Kelas 2','PEGAWAI PEMERINTAH DENGAN PERJANJIAN KERJA','Laki-Laki','SYAHRIL','0002051350288','056419','1963-10-07',NULL,NULL,NULL,'BEDAH','Tidak','2021-12-17','0306R001',2,0,0,NULL,1,'2021-11-11','030602011121P000001','03060201','KEBUN SIKOLOS','BED','BEDAH',0,0,0,0,'0000-00-00','',0,'','','','',0,0,0,5,'','215484','MARDENOVA','215484','MARDENOVA','081310460892','NRP1910460',0,NULL),
(28,'SEP Kontrol Ulang','I10 - Essential (primary) hypertension','R.Jalan',0,'0306R0011221V000010','-','-','Kelas 2','PEGAWAI PEMERINTAH DENGAN PERJANJIAN KERJA','Laki-Laki','SYAHRIL','0002051350288','056419','1963-10-07',NULL,NULL,NULL,'PENYAKIT DALAM','Tidak','2021-12-17','0306R001',2,0,0,NULL,1,'2021-11-11','030602011121P000001','03060201','KEBUN SIKOLOS','INT','PENYAKIT DALAM',0,0,0,0,'0000-00-00','',0,'','','','',2,0,0,5,'0306R0011221K000006','18781','dr. Letmi Yestrijal, Sp.PD','18781','dr. Letmi Yestrijal, Sp.PD','081310460892','NRP1910460',0,NULL),
(29,'SEPIGD','A00 - Cholera','R.Jalan',0,'0306R0011221V000011','-','-','Kelas 3','PBI (APBD)','Perempuan','MARYATI','0002052019146','076419','1977-11-06',NULL,NULL,NULL,'INSTALASI GAWAT DARURAT','Tidak','2021-12-17','0306R001',3,0,0,NULL,2,'2021-12-17','','01200301','BLANG PIDIE','IGD','INSTALASI GAWAT DARURAT',0,0,0,0,'0000-00-00','',0,'','','','',0,0,0,0,'','',NULL,'18819','dr. Muhammad Ginanjar, Sp.JP, FIHA','081310460892','NRP1910460',0,NULL),
(30,'SEPIGD','A00 - Cholera','R.Jalan',0,'0306R0011221V000012','-','-','Kelas 3','PBI (APBD)','Perempuan','MARYATI','0002052019146','076419','1977-11-06',NULL,NULL,NULL,'INSTALASI GAWAT DARURAT','Tidak','2021-12-17','0306R001',3,0,0,NULL,2,'2021-12-17','','01200301','BLANG PIDIE','IGD','INSTALASI GAWAT DARURAT',0,0,0,0,'0000-00-00','',0,'','','','',0,0,0,0,'','',NULL,'18819','dr. Muhammad Ginanjar, Sp.JP, FIHA','081310460892','NRP1910460',0,NULL),
(31,'SEP IGD','A00 - Cholera','R.Jalan',0,'0306R0011221V000013','-','-','Kelas 3','PBI (APBD)','Perempuan','MARYATI','0002052019146','076419','1977-11-06',NULL,NULL,NULL,'INSTALASI GAWAT DARURAT','Tidak','2021-12-17','0306R001',3,0,0,NULL,2,'2021-12-17','','01200301','BLANG PIDIE','IGD','INSTALASI GAWAT DARURAT',0,0,0,0,'0000-00-00','',0,'','','','',0,0,0,0,'','',NULL,'336452','MIRA LOVITA','081310460892','NRP1910460',0,NULL),
(32,'TEST','A00.1 - Cholera due to Vibrio cholerae 01, biovar eltor','R.Jalan',0,'0306R0011221V000014','-','-','Kelas 3','PBI (APBD)','Perempuan','MARYATI','0002052019146','076419','1977-11-06',NULL,NULL,NULL,'INSTALASI GAWAT DARURAT','Tidak','2021-12-20','0306R001',3,0,0,NULL,2,'2021-12-20','','01200301','BLANG PIDIE','IGD','INSTALASI GAWAT DARURAT',0,0,0,0,'0000-00-00','',0,'','','','',0,0,0,0,'','',NULL,'182979','ELSY GUSMAN','081310460892','NRP1910460',0,NULL),
(33,'KOntrol Ulang','I10 - Essential (primary) hypertension','R.Jalan',0,'0306R0011221V000015','-','-','Kelas 2','PEGAWAI PEMERINTAH DENGAN PERJANJIAN KERJA','Laki-Laki','SYAHRIL','0002051350288','056419','1963-10-07',NULL,NULL,NULL,'PENYAKIT DALAM','Tidak','2021-12-20','0306R001',2,0,0,NULL,1,'2021-11-11','030602011121P000001','03060201','KEBUN SIKOLOS','INT','PENYAKIT DALAM',0,0,0,0,'0000-00-00','',0,'','','','',2,0,0,5,'0306R0011221K000008','18781','dr. Letmi Yestrijal, Sp.PD','18781','dr. Letmi Yestrijal, Sp.PD','081310460892','NRP1910460',0,NULL),
(34,'SEP RANAP','A00 - Cholera','R.Inap',3,'0306R0011221V000016','-','-','Kelas 3','PBI (APBD)','Perempuan','MARYATI','0002052019146','076419','1977-11-06',NULL,NULL,NULL,'-','-','2021-12-22','0306R001',3,0,0,NULL,2,'2021-12-22','12213213','0306R001','RSU PADANG PANJANG','','',0,0,0,0,'0000-00-00','',0,'','','','',0,0,0,0,'0306R0011221K000009','18781','dr. Letmi Yestrijal, Sp.PD','18781','dr. Letmi Yestrijal, Sp.PD','081310460892','NRP1910460',0,NULL),
(35,'COntoh SEP Rawat Inap Naik Kelas','L10 - Pemphigus','R.Inap',0,'0306R0011221V000017','-','-','Kelas 2','PEGAWAI PEMERINTAH DENGAN PERJANJIAN KERJA','Laki-Laki','SYAHRIL','0002051350288','056419','1963-10-07',NULL,NULL,NULL,'-','-','2021-12-22','0306R001',2,3,1,NULL,2,'2021-12-22','0000123456','0306R001','RSU PADANG PANJANG','','',0,0,0,0,'0000-00-00','',0,'','','','',0,0,0,0,'0306R0011221K000010','18781','dr. Letmi Yestrijal, Sp.PD','18781','dr. Letmi Yestrijal, Sp.PD','081310460892','NRP1910460',0,NULL),
(36,'SEP Non Jarkomdat','A00 - Cholera','R.Jalan',0,'0306R0011221V000018','-','-','Kelas 3','PBI (APBD)','Perempuan','MARYATI','0002052019146','076419','1977-11-06',NULL,NULL,NULL,'PENYAKIT DALAM','Tidak','2021-12-23','0306R001',3,0,0,NULL,2,'2021-12-23','1234567890','0306R001','BLANG PIDIE','INT','PENYAKIT DALAM',0,0,0,0,'0000-00-00','',0,'','','','',0,0,0,0,'0306R0011221K000011','18781','dr. Letmi Yestrijal, Sp.PD','18781','dr. Letmi Yestrijal, Sp.PD','081310460892','NRP1910460',0,NULL),
(37,'Contoh SEP Non Jarkomdat','B00.0 - Eczema herpeticum','R.Jalan',0,'0306R0011221V000019','-','-','Kelas 2','PEGAWAI PEMERINTAH DENGAN PERJANJIAN KERJA','Laki-Laki','SYAHRIL','0002051350288','056419','1963-10-07',NULL,NULL,NULL,'PENYAKIT DALAM','Tidak','2021-12-23','0306R001',2,0,0,NULL,2,'2021-12-23','123456789123456789','0306R001','RSU PADANG PANJANG','INT','PENYAKIT DALAM',0,0,0,0,'0000-00-00','',0,'','','','',0,0,0,0,'0306R0011221K000012','18781','dr. Letmi Yestrijal, Sp.PD','18781','dr. Letmi Yestrijal, Sp.PD','081310460892','NRP1910460',0,NULL),
(38,'SEP Pertama','H52 - Disorders of refraction and accommodation','R.Jalan',0,'0306R0011221V000020','-','-','Kelas 3','PEKERJA MANDIRI','Laki-Laki','WARDI','0002077534473','066419','1983-03-14',NULL,NULL,NULL,'MATA','Tidak','2021-12-29','0306R001',3,0,0,NULL,1,'2021-11-22','030602011121P000002','03060201','KEBUN SIKOLOS','MAT','MATA',0,0,0,0,'0000-00-00','',0,'','','','',0,0,0,0,'','','Pilih Dokter','215429','DR. NOVA HERDANA','081310460892','NRP1910460',0,NULL),
(39,'Pembuatan SEP kontrol Konsul dengan Menggunakan No. Surat Kontrol untuk Spesialis / Subspesialis sesuaiRujukan ','H52 - Disorders of refraction and accommodation','R.Jalan',0,'0306R0010122V000001','-','-','Kelas 3','PEKERJA MANDIRI','Laki-Laki','WARDI','0002077534473','066419','1983-03-14',NULL,NULL,NULL,'MATA','Tidak','2022-01-06','0306R001',3,0,0,NULL,1,'2021-11-22','030602011121P000002','03060201','KEBUN SIKOLOS','MAT','MATA',0,0,0,0,'0000-00-00','',0,'','','','',2,0,0,5,'0306R0010122K000001','215429','DR. NOVA HERDANA','215429','DR. NOVA HERDANA','081310460892','NRP1910460',0,NULL),
(40,'Pembuatan SEP kontrol Prosedur Berkelanjutan dengan Menggunakan No. Surat Kontrol untuk Spesialis / Subspesialis sesuai Rujukan Online','H52 - Disorders of refraction and accommodation','R.Jalan',0,'0306R0011221V000020','-','-','Kelas 3','PEKERJA MANDIRI','Laki-Laki','WARDI','0002077534473','066419','1983-03-14',NULL,NULL,NULL,'MATA','Tidak','2022-01-06','0306R001',3,0,0,NULL,1,'2021-11-22','030602011121P000002','03060201','KEBUN SIKOLOS','MAT','MATA',0,0,0,0,'0000-00-00','',0,'','','','',1,0,9,0,'0306R0010122K000001','215429','DR. NOVA HERDANA','215429','DR. NOVA HERDANA','081310460892','NRP1910460',0,NULL),
(41,'Pembuatan SEP kontrol Prosedur Berkelanjutan dengan Menggunakan No. Surat Kontrol untuk Spesialis / Subspesialis sesuaiRujukan Online','H52 - Disorders of refraction and accommodation','R.Jalan',0,'0306R0010122V000002','-','-','Kelas 3','PEKERJA MANDIRI','Laki-Laki','WARDI','0002077534473','066419','1983-03-14',NULL,NULL,NULL,'MATA','Tidak','2022-01-06','0306R001',3,0,0,NULL,1,'2021-11-22','030602011121P000002','03060201','KEBUN SIKOLOS','MAT','MATA',0,0,0,0,'0000-00-00','',0,'','','','',1,1,1,0,'0306R0010122K000001','215429','DR. NOVA HERDANA','215429','DR. NOVA HERDANA','081310460892','NRP1910460',0,NULL),
(42,'Pembuatan SEP untuk Spesialis / Subspesialisyang berbeda dengan Rujukan Online (Rujukan Internal)','H52 - Disorders of refraction and accommodation','R.Jalan',0,'0306R0011221V000020','-','-','Kelas 3','PEKERJA MANDIRI','Laki-Laki','WARDI','0002077534473','066419','1983-03-14',NULL,NULL,NULL,'BEDAH','Tidak','2022-01-06','0306R001',3,0,0,NULL,1,'2021-11-22','030602011121P000002','03060201','KEBUN SIKOLOS','BED','BEDAH',0,0,0,0,'0000-00-00','',0,'','','','',0,0,0,5,'','','Pilih Dokter','215484','MARDENOVA','081310460892','NRP1910460',0,NULL),
(43,'COntoh Pembuatan SEP IGD','C00 - Malignant neoplasm of lip','R.Jalan',0,'0306R0010122V000003','-','-','Kelas 3','PBI (APBD)','Perempuan','MARYATI','0002052019146','076419','1977-11-06',NULL,NULL,NULL,'INSTALASI GAWAT DARURAT','Tidak','2022-01-06','0306R001',3,0,0,NULL,2,'2022-01-06','','01200301','BLANG PIDIE','IGD','INSTALASI GAWAT DARURAT',0,0,0,0,'0000-00-00','',0,'','','','',0,0,0,0,'','',NULL,'179421','Dr. ENDAYANI,MPH','081310460892','NRP1910460',0,NULL),
(44,'COntoh SEP Kontrol Ulang','H52 - Disorders of refraction and accommodation','R.Jalan',0,'0306R0010122V000004','-','-','Kelas 3','PEKERJA MANDIRI','Laki-Laki','WARDI','0002077534473','066419','1983-03-14',NULL,NULL,NULL,'MATA','Tidak','2022-01-07','0306R001',3,0,0,NULL,1,'2021-11-22','030602011121P000002','03060201','KEBUN SIKOLOS','MAT','MATA',0,0,0,0,'0000-00-00','',0,'','','','',2,0,0,5,'0306R0010122K000002','215429','DR. NOVA HERDANA','215429','DR. NOVA HERDANA','081310460892','NRP1910460',0,NULL),
(45,'Contoh SEpP Non Jarkomdat','D00 - Carcinoma in situ of oral cavity, oesophagus and stomach','R.Jalan',0,'0306R0010122V000005','-','-','Kelas 3','PBI (APBD)','Perempuan','MARYATI','0002052019146','076419','1977-11-06',NULL,NULL,NULL,'PENYAKIT DALAM','Tidak','2022-01-10','0306R001',3,0,0,NULL,1,'2022-01-10','123456789987654321','03050901','PALEMBAYAN - KAB. AGAM','INT','PENYAKIT DALAM',0,0,0,0,'0000-00-00','',0,'','','','',0,0,0,0,'','','Pilih Dokter','18781','dr. Letmi Yestrijal, Sp.PD','081310460892','NRP1910460',0,NULL),
(46,'Contoh Pembuatan SEP IGD','G00.9 - Bacterial meningitis, unspecified','R.Jalan',0,'0306R0010122V000006','-','-','Kelas 2','PEGAWAI PEMERINTAH DENGAN PERJANJIAN KERJA','Laki-Laki','AKHIR PUTRA GINTING','0002063087392','086419','1987-06-15',NULL,NULL,NULL,'INSTALASI GAWAT DARURAT','Tidak','2022-01-10','0306R001',2,0,0,NULL,2,'2022-01-10','','0406B004','KLINIK dr. AGUNG MULIA','IGD','INSTALASI GAWAT DARURAT',0,0,0,0,'0000-00-00','',0,'','','','',0,0,0,0,'','',NULL,'179421','Dr. ENDAYANI,MPH','081310460892','NRP1910460',0,NULL),
(47,'COntoh SEP Rawat Inap','D00.2 - Carcinoma in situ of stomach','R.Inap',2,'0306R0010122V000007','-','-','Kelas 2','PEGAWAI PEMERINTAH DENGAN PERJANJIAN KERJA','Laki-Laki','AKHIR PUTRA GINTING','0002063087392','086419','1987-06-15',NULL,NULL,NULL,'-','-','2022-01-10','0306R001',2,0,0,NULL,2,'2022-01-10','12345234232','0306R001','RSU PADANG PANJANG','','',0,0,0,0,'0000-00-00','',0,'','','','',0,0,0,0,'0306R0010122K000004','18781','dr. Letmi Yestrijal, Sp.PD','18781','dr. Letmi Yestrijal, Sp.PD','081310460892','NRP1910460',0,NULL),
(48,'COntoh SEP Dengan Surat Kontrol Pasca Rawat Inap','D00 - Carcinoma in situ of oral cavity, oesophagus and stomach','R.Jalan',0,'0306R0010122V000008','-','-','Kelas 2','PEGAWAI PEMERINTAH DENGAN PERJANJIAN KERJA','Laki-Laki','AKHIR PUTRA GINTING','0002063087392','086419','1987-06-15',NULL,NULL,NULL,'PENYAKIT DALAM','Tidak','2022-01-11','0306R001',2,0,0,NULL,2,'2022-01-11','0306R0010864190001','0306R001','RSU PADANG PANJANG','INT','PENYAKIT DALAM',0,0,0,0,'0000-00-00','',0,'','','','',0,0,0,0,'0306R0010122K000005','18781','dr. Letmi Yestrijal, Sp.PD','18781','dr. Letmi Yestrijal, Sp.PD','081310460892','NRP1910460',0,NULL),
(49,'Contoh SEP Rawat Jalan Kunjungan Pertama  Dengan NoRujukan Online','I10 - Essential (primary) hypertension','R.Jalan',0,'0306R0010122V000009','-','-','Kelas 2','PEGAWAI PEMERINTAH DENGAN PERJANJIAN KERJA','Laki-Laki','SUMISNO','0002057697674','096419','1975-10-25',NULL,NULL,NULL,'PENYAKIT DALAM','Tidak','2022-01-11','0306R001',2,0,0,NULL,1,'2021-12-14','030601011221P000002','03060101','GUNUNG','INT','PENYAKIT DALAM',0,0,0,0,'0000-00-00','',0,'','','','',0,0,0,0,'','','Pilih Dokter','18781','dr. Letmi Yestrijal, Sp.PD','08126790909090','NRP1910460',0,NULL),
(50,'SEP Kunjungan Pertama Rawat Jalan FKRTL','I15.0 - Renovascular hypertension','R.Jalan',0,'0306R0010122V000010','-','-','Kelas 2','PEGAWAI SWASTA','Laki-Laki','IRPAN','0002039242678','106419','1989-11-30',NULL,NULL,NULL,'PARU','Tidak','2022-01-12','0306R001',2,0,0,NULL,2,'2021-12-23','0053S0011221B000001','0053S001','Klinik Jantung Siti Aminah','PAR','PARU',0,0,0,0,'0000-00-00','',0,'','','','',0,0,0,0,'','','Pilih Dokter','215574','YENNY MUCHTAR','081267090909','NRP1910460',0,NULL),
(51,'Kunjungan Kedua Rawat Jalan, dengan rujukan online FKTP','I10 - Essential (primary) hypertension','R.Jalan',0,'0306R0010122V000011','-','-','Kelas 2','PEGAWAI PEMERINTAH DENGAN PERJANJIAN KERJA','Laki-Laki','SUMISNO','0002057697674','096419','1975-10-25',NULL,NULL,NULL,'PENYAKIT DALAM','Tidak','2022-01-12','0306R001',2,0,0,NULL,1,'2021-12-14','030601011221P000002','03060101','GUNUNG','INT','PENYAKIT DALAM',0,0,0,0,'0000-00-00','',0,'','','','',2,0,0,5,'0306R0010122K000006','18781','dr. Letmi Yestrijal, Sp.PD','18781','dr. Letmi Yestrijal, Sp.PD','08126790909090','NRP1910460',0,NULL),
(52,'COntoh SEP Kasus KLL','S62 - Fracture at wrist and hand level','R.Jalan',0,'0306R0010122V000012','Jasa Raharja PT','-','Kelas 2','PEGAWAI PEMERINTAH DENGAN PERJANJIAN KERJA','Laki-Laki','ZULFIKRI','0002058038065','116419','1985-08-14',NULL,NULL,NULL,'INSTALASI GAWAT DARURAT','Tidak','2022-01-12','0306R001',2,0,0,NULL,2,'2022-01-12','','03140801','UJUNG GADING','IGD','INSTALASI GAWAT DARURAT',0,0,0,1,'2022-01-12','Kecelakaan Menabrak Tiang Listrik',0,'','03','0053','0586',0,0,0,0,'','',NULL,'179421','Dr. ENDAYANI,MPH','081374565656','NRP1910460',0,NULL),
(53,'Pembuatan SEP Rujukan Internal (poli berbeda dan nomor rujukan sama dengan SEP pertama)','D00 - Carcinoma in situ of oral cavity, oesophagus and stomach','R.Jalan',0,'0306R0010122V000005','-','-','Kelas 3','PBI (APBD)','Perempuan','MARYATI','0002052019146','076419','1977-11-06',NULL,NULL,NULL,'BEDAH','Tidak','2022-01-12','0306R001',3,0,0,NULL,1,'2022-01-12','123456789987654321','03050901','PALEMBAYAN - KAB. AGAM','BED','BEDAH',0,0,0,0,'0000-00-00','',0,'','','','',0,0,0,5,'','','Pilih Dokter','215484','MARDENOVA','081310460892','NRP1910460',0,NULL),
(54,'COntoh SEP Kontrol Ulang Kunjungan Ke 3','I10 - Essential (primary) hypertension','R.Jalan',0,'0306R0010122V000013','-','-','Kelas 2','PEGAWAI PEMERINTAH DENGAN PERJANJIAN KERJA','Laki-Laki','SUMISNO','0002057697674','096419','1975-10-25',NULL,NULL,NULL,'PENYAKIT DALAM','Tidak','2022-01-13','0306R001',2,0,0,NULL,1,'2021-12-14','030601011221P000002','03060101','GUNUNG','INT','PENYAKIT DALAM',0,0,0,0,'0000-00-00','',0,'','','','',2,0,0,5,'0306R0010122K000007','18781','dr. Letmi Yestrijal, Sp.PD','18781','dr. Letmi Yestrijal, Sp.PD','08126790909090','NRP1910460',0,NULL),
(55,'COntoh Pembuatan SEP Kunjungan Ke 2 Jarkomdat FKRTL','I15.0 - Renovascular hypertension','R.Jalan',0,'0306R0010122V000014','-','-','Kelas 2','PEGAWAI SWASTA','Laki-Laki','IRPAN','0002039242678','106419','1989-11-30',NULL,NULL,NULL,'PARU','Tidak','2022-01-13','0306R001',2,0,0,NULL,2,'2021-12-23','0053S0011221B000001','0053S001','Klinik Jantung Siti Aminah','PAR','PARU',0,0,0,0,'0000-00-00','',0,'','','','',2,0,0,5,'0306R0010122K000008','215574','YENNY MUCHTAR','215574','YENNY MUCHTAR','081267090909','NRP1910460',0,NULL),
(56,'SEP Rawat Inap RJTL','I15.0 - Renovascular hypertension','R.Inap',2,'0306R0010122V000015','-','-','Kelas 2','PEGAWAI PEMERINTAH DENGAN PERJANJIAN KERJA','Laki-Laki','SUMISNO','0002057697674','096419','1975-10-25',NULL,NULL,NULL,'-','-','2022-01-13','0306R001',2,0,0,NULL,2,'2022-01-13','RJ-220113-17-0001','0306R001','RSU PADANG PANJANG','','',0,0,0,0,'0000-00-00','',0,'','','','',0,0,0,0,'0306R0010122K000009','18781','dr. Letmi Yestrijal, Sp.PD','18781','dr. Letmi Yestrijal, Sp.PD','08126790909090','NRP1910460',0,NULL),
(57,'Sep ke 2 Kunjungan Rawat Jalan Non Jarkomdat Bukan IGD','D00 - Carcinoma in situ of oral cavity, oesophagus and stomach','R.Jalan',0,'0306R0010122V000016','-','-','Kelas 3','PBI (APBD)','Perempuan','MARYATI','0002052019146','076419','1977-11-06',NULL,NULL,NULL,'PENYAKIT DALAM','Tidak','2022-01-13','0306R001',3,0,0,NULL,1,'2022-01-10','123456789987654321','03050901','PALEMBAYAN','INT','PENYAKIT DALAM',0,0,0,0,'0000-00-00','',0,'','','','',2,0,0,5,'0306R0010122K000010','18781','dr. Letmi Yestrijal, Sp.PD','18781','dr. Letmi Yestrijal, Sp.PD','081310460892','NRP1910460',0,NULL),
(58,'Contoh SEP Kontrol Ulang Kunjungan Ke 3 Non Jarkomdat','D00 - Carcinoma in situ of oral cavity, oesophagus and stomach','R.Jalan',0,'0306R0010122V000017','-','-','Kelas 3','PBI (APBD)','Perempuan','MARYATI','0002052019146','076419','1977-11-06',NULL,NULL,NULL,'PENYAKIT DALAM','Tidak','2022-01-14','0306R001',3,0,0,NULL,1,'2022-01-10','123456789987654321','03050901','PALEMBAYAN','INT','PENYAKIT DALAM',0,0,0,0,'0000-00-00','',0,'','','','',2,0,0,5,'0306R0010122K000011','18781','dr. Letmi Yestrijal, Sp.PD','18781','dr. Letmi Yestrijal, Sp.PD','081310460892','NRP1910460',0,NULL),
(59,'SEP Kontrol Ulang Kunjungan Ke 3','I15.0 - Renovascular hypertension','R.Jalan',0,'0306R0010122V000018','-','-','Kelas 2','PEGAWAI SWASTA','Laki-Laki','IRPAN','0002039242678','106419','1989-11-30',NULL,NULL,NULL,'PARU','Tidak','2022-01-17','0306R001',2,0,0,NULL,2,'2021-12-23','0053S0011221B000001','0053S001','Klinik Jantung Siti Aminah','PAR','PARU',0,0,0,0,'0000-00-00','',0,'','','','',2,0,0,5,'0306R0010122K000013','215574','YENNY MUCHTAR','215574','YENNY MUCHTAR','081267090909','NRP1910460',0,NULL),
(60,'Pembuatan SEP kontrol Prosedur Berkelanjutan dengan Menggunakan No. Surat Kontrol untuk Spesialis / Subspesialis sesuaiRujukan Online','I15.0 - Renovascular hypertension','R.Jalan',0,'0306R0010122V000019','-','-','Kelas 2','PEGAWAI SWASTA','Laki-Laki','IRPAN','0002039242678','106419','1989-11-30',NULL,NULL,NULL,'PARU','Tidak','2022-01-17','0306R001',2,0,0,NULL,2,'2021-12-23','0053S0011221B000001','0053S001','Klinik Jantung Siti Aminah','PAR','PARU',0,0,0,0,'0000-00-00','',0,'','','','',1,1,1,0,'0306R0010122K000014','215574','YENNY MUCHTAR','215574','YENNY MUCHTAR','081267090909','NRP1910460',0,NULL),
(61,'Pembuatan SEP kontrol Prosedur Tidak Berkelanjutan dengan Menggunakan No. Surat Kontrol untuk Spesialis / Subspesialis sesuaiRujukan Online','I15.0 - Renovascular hypertension','R.Jalan',0,'0306R0010122V000010','-','-','Kelas 2','PEGAWAI SWASTA','Laki-Laki','IRPAN','0002039242678','106419','1989-11-30',NULL,NULL,NULL,'PARU','Tidak','2022-01-17','0306R001',2,0,0,NULL,2,'2021-12-23','0053S0011221B000001','0053S001','Klinik Jantung Siti Aminah','PAR','PARU',0,0,0,0,'0000-00-00','',0,'','','','',1,0,8,0,'0306R0010122K000014','215574','YENNY MUCHTAR','215574','YENNY MUCHTAR','081267090909','NRP1910460',0,NULL),
(62,'Pembuatan SEP untuk Spesialis / Subspesialisyang berbeda dengan Rujukan Faskes II (Rujukan Internal)','I15.0 - Renovascular hypertension','R.Jalan',0,'0306R0010122V000010','-','-','Kelas 2','PEGAWAI SWASTA','Laki-Laki','IRPAN','0002039242678','106419','1989-11-30',NULL,NULL,NULL,'SARAF','Tidak','2022-01-17','0306R001',2,0,0,NULL,2,'2021-12-23','0053S0011221B000001','0053S001','Klinik Jantung Siti Aminah','SAR','SARAF',0,0,0,0,'0000-00-00','',0,'','','','',0,0,0,5,'','','Pilih Dokter','18147','dr. Edinirwan, Sp.S, M.Biomed','081267090909','NRP1910460',0,NULL),
(63,'Pembuatan SEP kontrol Prosedur Berkelanjutan dengan Menggunakan No. Surat Kontrol (poli dan nomor rujukan sama dengan SEP pertama)','D00 - Carcinoma in situ of oral cavity, oesophagus and stomach','R.Jalan',0,'0306R0010122V000020','-','-','Kelas 3','PBI (APBD)','Perempuan','MARYATI','0002052019146','076419','1977-11-06',NULL,NULL,NULL,'PENYAKIT DALAM','Tidak','2022-01-18','0306R001',3,0,0,NULL,1,'2022-01-10','123456789987654321','03050901','PALEMBAYAN','INT','PENYAKIT DALAM',0,0,0,0,'0000-00-00','',0,'','','','',1,1,1,0,'0306R0010122K000015','18781','dr. Letmi Yestrijal, Sp.PD','18781','dr. Letmi Yestrijal, Sp.PD','081310460892','NRP1910460',0,NULL),
(64,'Pembuatan SEP kontrolProsedur Tidak Berkelanjutan dengan Menggunakan No. Surat Kontrol (poli dan nomor rujukan sama dengan SEP pertama)','D00 - Carcinoma in situ of oral cavity, oesophagus and stomach','R.Jalan',0,'0306R0010122V000005','-','-','Kelas 3','PBI (APBD)','Perempuan','MARYATI','0002052019146','076419','1977-11-06',NULL,NULL,NULL,'PENYAKIT DALAM','Tidak','2022-01-18','0306R001',3,0,0,NULL,1,'2022-01-10','123456789987654321','03050901','PALEMBAYAN','INT','PENYAKIT DALAM',0,0,0,0,'0000-00-00','',0,'','','','',1,0,8,0,'0306R0010122K000016','18781','dr. Letmi Yestrijal, Sp.PD','18781','dr. Letmi Yestrijal, Sp.PD','081310460892','NRP1910460',0,NULL),
(65,'Pembuatan SEP kontrolProsedur Tidak Berkelanjutan dengan Menggunakan No. Surat Kontrol (poli dan nomor rujukan sama dengan SEP pertama)','D00 - Carcinoma in situ of oral cavity, oesophagus and stomach','R.Jalan',0,'0306R0010122V000005','-','-','Kelas 3','PBI (APBD)','Perempuan','MARYATI','0002052019146','076419','1977-11-06',NULL,NULL,NULL,'PENYAKIT DALAM','Tidak','2022-01-18','0306R001',3,0,0,NULL,1,'2022-01-10','123456789987654321','03050901','PALEMBAYAN','INT','PENYAKIT DALAM',0,0,0,0,'0000-00-00','',0,'','','','',1,0,8,0,'0306R0010122K000016','18781','dr. Letmi Yestrijal, Sp.PD','18781','dr. Letmi Yestrijal, Sp.PD','081310460892','NRP1910460',0,NULL),
(66,'Pembuatan SEP Rawat Inap Menggunakan Faskes dengan Jamkordat Tidak Tersedia','D00 - Carcinoma in situ of oral cavity, oesophagus and stomach','R.Inap',3,'0306R0010122V000021','-','-','Kelas 3','PBI (APBD)','Perempuan','MARYATI','0002052019146','076419','1977-11-06',NULL,NULL,NULL,'-','-','2022-01-18','0306R001',3,0,0,NULL,2,'2022-01-18','RJ-220118-08-0002','0306R001','RSU PADANG PANJANG','','',0,0,0,0,'0000-00-00','',0,'','','','',0,0,0,0,'0306R0010122K000017','18781','dr. Letmi Yestrijal, Sp.PD','18781','dr. Letmi Yestrijal, Sp.PD','081310460892','NRP1910460',0,NULL);

/*Table structure for table `tbl02_surat_kontrol_ulang` */

DROP TABLE IF EXISTS `tbl02_surat_kontrol_ulang`;

CREATE TABLE `tbl02_surat_kontrol_ulang` (
  `idx` int(11) NOT NULL AUTO_INCREMENT,
  `nomor_surat_kontrol` char(6) DEFAULT NULL,
  `tgl_buat` date DEFAULT NULL,
  `id_daftar` varchar(10) DEFAULT NULL,
  `reg_unit` varchar(20) DEFAULT NULL,
  `nomr` char(6) DEFAULT NULL,
  `nama_pasien` varchar(100) DEFAULT NULL,
  `jns_kelamin` char(1) DEFAULT NULL,
  `tgl_lahir` date DEFAULT NULL,
  `kodeicd` varchar(10) DEFAULT NULL,
  `diagnosa` text,
  `terapi` text,
  `tgl_rujukan` date DEFAULT NULL,
  `alasan_kontrol` text,
  `rencana_tindaklanjut` text,
  `id_ruang` int(11) DEFAULT NULL,
  `nama_ruang` varchar(100) DEFAULT NULL,
  `tgl_kontrol` date DEFAULT NULL,
  `iddokter` varchar(10) DEFAULT NULL,
  `nama_dokter` varchar(100) DEFAULT NULL,
  PRIMARY KEY (`idx`)
) ENGINE=MyISAM DEFAULT CHARSET=latin1;

/*Data for the table `tbl02_surat_kontrol_ulang` */

/*Table structure for table `tbl02_surat_rujukan` */

DROP TABLE IF EXISTS `tbl02_surat_rujukan`;

CREATE TABLE `tbl02_surat_rujukan` (
  `idx` int(11) NOT NULL AUTO_INCREMENT,
  `noSep` varchar(50) DEFAULT NULL,
  `tglRujukan` date DEFAULT NULL,
  `kodeppkDirujuk` varchar(20) DEFAULT NULL,
  `namappkDirujuk` varchar(50) DEFAULT NULL,
  `jnsPelayanan` int(11) DEFAULT NULL,
  `catatan` text,
  `diagRujukan` varchar(10) DEFAULT NULL,
  `namaDiagnosa` text,
  `diagnosaDokter` text,
  `tipeRujukan` int(11) DEFAULT NULL,
  `poliPerujuk` int(11) DEFAULT NULL,
  `namaPoliPerujuk` varchar(50) DEFAULT NULL,
  `poliRujukan` varchar(10) DEFAULT NULL,
  `namaPoliRujukan` varchar(50) DEFAULT NULL,
  `noRujukan` varchar(50) DEFAULT NULL,
  `id_daftar` varchar(10) DEFAULT NULL,
  `reg_unit` varchar(20) DEFAULT NULL,
  `noMr` char(6) DEFAULT NULL,
  `nama` varchar(50) DEFAULT NULL,
  `kelamin` char(1) DEFAULT NULL,
  `noKartu` varchar(50) DEFAULT NULL,
  `tglLahir` date DEFAULT NULL,
  `asuransi` text,
  `hakKelas` varchar(50) DEFAULT NULL,
  `kodeAsalRujukan` varchar(20) DEFAULT NULL,
  `namaAsalRujukan` varchar(50) DEFAULT NULL,
  `terapi` text,
  `tglRencanaKunjungan` date DEFAULT NULL,
  `iddokter` varchar(10) DEFAULT NULL,
  `nama_dokter` varchar(50) DEFAULT NULL,
  PRIMARY KEY (`idx`)
) ENGINE=MyISAM DEFAULT CHARSET=latin1;

/*Data for the table `tbl02_surat_rujukan` */

/*Table structure for table `tbl02_suratkontrol` */

DROP TABLE IF EXISTS `tbl02_suratkontrol`;

CREATE TABLE `tbl02_suratkontrol` (
  `idx` int(11) NOT NULL AUTO_INCREMENT,
  `jnsKontrol` int(1) DEFAULT '2',
  `noSuratKontrol` varchar(50) DEFAULT NULL,
  `tglRencanaKontrol` date DEFAULT NULL,
  `kodeDokter` varchar(50) DEFAULT NULL,
  `namaDokter` varchar(50) DEFAULT NULL,
  `noKartu` varchar(50) DEFAULT NULL,
  `nama` varchar(50) DEFAULT NULL,
  `kelamin` varchar(15) DEFAULT NULL,
  `tglLahir` date DEFAULT NULL,
  `noSEP` varchar(50) DEFAULT NULL,
  `poliKontrol` varchar(10) DEFAULT NULL,
  `namapoliKontrol` varchar(50) DEFAULT NULL,
  `user` varchar(50) DEFAULT NULL,
  `batal` tinyint(1) DEFAULT '0',
  `userbatal` varchar(10) DEFAULT NULL,
  PRIMARY KEY (`idx`)
) ENGINE=MyISAM AUTO_INCREMENT=31 DEFAULT CHARSET=latin1;

/*Data for the table `tbl02_suratkontrol` */

insert  into `tbl02_suratkontrol`(`idx`,`jnsKontrol`,`noSuratKontrol`,`tglRencanaKontrol`,`kodeDokter`,`namaDokter`,`noKartu`,`nama`,`kelamin`,`tglLahir`,`noSEP`,`poliKontrol`,`namapoliKontrol`,`user`,`batal`,`userbatal`) values 
(1,2,'0306R0011221K000001','2021-12-09','18781','dr. Letmi Yestrijal, Sp.PD','0002051350288','Syahril','Laki-laki','1963-10-07','0306R0011221V000001','INT','Penyakit Dalam ','NRP1910460',0,NULL),
(2,2,'0306R0011221K000002','2021-12-10','18781','dr. Letmi Yestrijal, Sp.PD','0002051350288','Syahril','Laki-laki','1963-10-07','0306R0011221V000002','INT','Penyakit Dalam ','NRP1910460',0,NULL),
(3,2,'0306R0011221K000003','2021-12-13','18781','dr. Letmi Yestrijal, Sp.PD','0002051350288','Syahril','Laki-laki','1963-10-07','0306R0011221V000004','INT','Penyakit Dalam ','NRP1910460',0,NULL),
(4,2,'0306R0011221K000004','2021-12-14','18781','dr. Letmi Yestrijal, Sp.PD','0002051350288','Syahril','Laki-laki','1963-10-07','0306R0011221V000005','INT','Penyakit Dalam ','NRP1910460',0,NULL),
(5,2,'0306R0011221K000005','2021-12-16','18781','dr. Letmi Yestrijal, Sp.PD','0002051350288','Syahril','Laki-laki','1963-10-07','0306R0011221V000006','INT','Penyakit Dalam ','NRP1910460',0,NULL),
(6,2,'0306R0011221K000006','2021-12-17','18781','dr. Letmi Yestrijal, Sp.PD','0002051350288','Syahril','Laki-laki','1963-10-07','0306R0011221V000009','INT','Penyakit Dalam ','NRP1910460',0,NULL),
(7,1,'0306R0011221K000007','2021-12-20','18781','dr. Letmi Yestrijal, Sp.PD','0002052019146','MARYATI','Perempuan',NULL,NULL,'INT','Penyakit Dalam ','NRP1910460',0,NULL),
(8,2,'0306R0011221K000008','2021-12-20','18781','dr. Letmi Yestrijal, Sp.PD','0002051350288','Syahril','Laki-laki','1963-10-07','0306R0011221V000010','INT','Penyakit Dalam ','NRP1910460',0,NULL),
(9,1,'0306R0011221K000009','2021-12-22','18781','dr. Letmi Yestrijal, Sp.PD','0002052019146','MARYATI','Perempuan','1977-11-06','0002052019146','INT','Penyakit Dalam ','NRP1910460',0,NULL),
(10,1,'0306R0011221K000010','2021-12-22','18781','dr. Letmi Yestrijal, Sp.PD','0002051350288','Syahril','Laki-Laki','1963-10-07','0002051350288','INT','Penyakit Dalam ','NRP1910460',0,NULL),
(11,2,'0306R0011221K000011','2021-12-23','18781','dr. Letmi Yestrijal, Sp.PD','0002052019146','MARYATI','Perempuan','1977-11-06','0306R0011221V000016','INT','Penyakit Dalam ','NRP1910460',0,NULL),
(12,2,'0306R0011221K000012','2021-12-23','18781','dr. Letmi Yestrijal, Sp.PD','0002051350288','Syahril','Laki-laki','1963-10-07','0306R0011221V000017','INT','Penyakit Dalam ','NRP1910460',0,NULL),
(13,2,'0306R0011221K000013','2021-12-24','18781','dr. Letmi Yestrijal, Sp.PD','0002051350288','Syahril','Laki-laki','1963-10-07','0306R0011221V000015','INT','Penyakit Dalam ','NRP1910460',0,NULL),
(14,2,'0306R0010122K000001','2022-01-06','215429','DR. NOVA HERDANA','0002077534473','WARDI','Laki-laki','1983-03-14','0306R0011221V000020','MAT','Mata','NRP1910460',0,NULL),
(15,2,'0306R0010122K000002','2022-01-07','215429','DR. NOVA HERDANA','0002077534473','WARDI','Laki-laki','1983-03-14','0306R0010122V000002','MAT','Mata','NRP1910460',0,NULL),
(16,2,'0306R0010122K000003','2022-01-08','215429','DR. NOVA HERDANA','0002077534473','WARDI','Laki-laki','1983-03-14','0306R0010122V000004','MAT','Mata','NRP1910460',0,NULL),
(17,1,'0306R0010122K000004','2022-01-10','18781','dr. Letmi Yestrijal, Sp.PD','0002063087392','AKHIR PUTRA GINTING','Laki-Laki','1987-06-15','0002063087392','INT','Penyakit Dalam ','NRP1910460',0,NULL),
(18,2,'0306R0010122K000005','2022-01-11','18781','dr. Letmi Yestrijal, Sp.PD','0002063087392','AKHIR PUTRA GINTING','Laki-laki','1987-06-15','0306R0010122V000007','INT','Penyakit Dalam ','NRP1910460',0,NULL),
(19,2,'0306R0010122K000006','2022-01-12','18781','dr. Letmi Yestrijal, Sp.PD','0002057697674','sumisno','Laki-laki','1975-10-25','0306R0010122V000009','INT','Penyakit Dalam ','NRP1910460',0,NULL),
(20,2,'0306R0010122K000007','2022-01-13','18781','dr. Letmi Yestrijal, Sp.PD','0002057697674','sumisno','Laki-laki','1975-10-25','0306R0010122V000011','INT','Penyakit Dalam ','NRP1910460',0,NULL),
(21,2,'0306R0010122K000008','2022-01-13','215574','YENNY MUCHTAR','0002039242678','IRPAN','Laki-laki','1989-11-30','0306R0010122V000010','PAR','PARU','NRP1910460',0,NULL),
(22,1,'0306R0010122K000009','2022-01-13','18781','dr. Letmi Yestrijal, Sp.PD','0002057697674','sumisno','Laki-Laki','1975-10-25','0002057697674','INT','Penyakit Dalam ','NRP1910460',0,NULL),
(23,2,'0306R0010122K000010','2022-01-13','18781','dr. Letmi Yestrijal, Sp.PD','0002052019146','MARYATI','Perempuan','1977-11-06','0306R0010122V000005','INT','PENYAKIT DALAM','NRP1910460',0,NULL),
(24,2,'0306R0010122K000011','2022-01-14','18781','dr. Letmi Yestrijal, Sp.PD','0002052019146','MARYATI','Perempuan','1977-11-06','0306R0010122V000016','INT','PENYAKIT DALAM','NRP1910460',1,NULL),
(25,2,'0306R0010122K000012','2022-01-14','18781','dr. Letmi Yestrijal, Sp.PD','0002052019146','MARYATI','Perempuan','1977-11-06','0306R0010122V000016','INT','PENYAKIT DALAM','NRP1910460',0,NULL),
(27,2,'0306R0010122K000014','2022-01-17','215574','YENNY MUCHTAR','0002039242678','IRPAN','Laki-laki','1989-11-30','0306R0010122V000014','PAR','PARU','NRP1910460',0,NULL),
(28,2,'0306R0010122K000015','2022-01-18','18781','dr. Letmi Yestrijal, Sp.PD','0002052019146','MARYATI','Perempuan','1977-11-06','0306R0010122V000016','INT','PENYAKIT DALAM','NRP1910460',1,NULL),
(29,2,'0306R0010122K000016','2022-01-18','18781','dr. Letmi Yestrijal, Sp.PD','0002052019146','MARYATI','Perempuan','1977-11-06','0306R0010122V000016','INT','PENYAKIT DALAM','NRP1910460',0,NULL),
(30,1,'0306R0010122K000017','2022-01-18','18781','dr. Letmi Yestrijal, Sp.PD','0002052019146','MARYATI','Perempuan','1977-11-06','0002052019146','INT','Penyakit Dalam ','NRP1910460',0,NULL);

/*!40101 SET SQL_MODE=@OLD_SQL_MODE */;
/*!40014 SET FOREIGN_KEY_CHECKS=@OLD_FOREIGN_KEY_CHECKS */;
/*!40014 SET UNIQUE_CHECKS=@OLD_UNIQUE_CHECKS */;
/*!40111 SET SQL_NOTES=@OLD_SQL_NOTES */;
